income,credit_score,loan_amount,loan_term,employment_years,digital_activity_score,transaction_consistency,default,transaction_count,unusual_transaction_ratio,account_age_days,login_frequency,fraud
103125.48,325,75447.3,137,6.7,0.7365,0.6767,0,45,0.5905,131,1.86,1
85696.19,327,58318.28,344,21.0,0.4195,0.4492,1,4,0.7588,654,21.25,1
40212.33,644,14709.98,206,2.9,0.8475,0.6037,0,236,0.5362,1551,3.29,1
101723.17,670,59848.45,47,1.4,0.2279,0.2894,1,120,0.8665,1557,9.06,1
67428.18,679,38750.72,355,8.0,0.9367,0.648,0,88,0.5341,1003,5.74,1
148638.04,524,70038.35,40,6.9,0.0321,0.3155,0,109,0.9131,2324,26.41,1
105207.03,705,89044.9,341,13.8,0.2649,0.2466,0,135,0.747,1755,27.04,1
48511.7,441,53405.0,58,22.7,0.8611,0.1528,1,217,0.5964,1577,12.07,0
88784.86,311,69626.92,70,20.5,0.537,0.2668,0,58,0.2935,648,14.16,0
133860.88,569,97329.37,103,15.2,0.1064,0.6253,0,260,0.609,627,11.84,1
143954.97,843,92256.88,318,9.7,0.0195,0.9291,0,158,0.2395,987,26.46,0
31134.95,797,82522.21,284,23.0,0.1284,0.4753,0,136,0.5277,2485,13.27,1
90108.49,505,72730.15,216,29.9,0.6499,0.4381,0,62,0.2479,263,10.8,0
49914.92,525,5683.13,335,1.8,0.0674,0.0314,0,264,0.238,2741,15.08,0
114035.83,784,28084.74,254,24.2,0.1904,0.0969,0,217,0.4111,3539,22.14,0
147941.48,400,10758.2,185,24.0,0.1093,0.1916,0,72,0.4219,1141,14.42,0
29800.04,400,9805.89,288,25.1,0.969,0.9264,0,86,0.4064,1972,7.2,0
27622.6,688,5204.76,211,8.0,0.7841,0.455,0,285,0.6619,1994,5.49,1
145932.22,362,76057.68,41,1.5,0.4768,0.9194,0,30,0.9608,329,25.69,1
28834.91,540,43358.68,303,7.4,0.5945,0.6194,0,299,0.5652,1296,28.11,1
113104.93,544,30233.38,79,20.2,0.3,0.3162,0,38,0.0093,2545,29.96,0
29523.89,518,53059.05,79,28.0,0.8809,0.8793,0,81,0.4382,2226,21.4,0
148340.3,841,5743.2,295,9.0,0.6634,0.9389,0,60,0.8897,3041,17.04,1
98627.88,651,24341.74,336,25.6,0.5054,0.2511,0,27,0.0923,1735,25.05,1
63362.35,433,65525.77,146,4.8,0.4418,0.7057,0,58,0.0752,3618,21.04,1
24683.66,678,60338.41,87,12.9,0.0418,0.3647,0,21,0.8989,861,20.78,1
65978.22,716,97514.52,91,27.8,0.2367,0.1625,0,91,0.8814,102,6.2,0
121710.24,721,81212.34,139,8.0,0.7874,0.1081,0,241,0.2224,3345,27.64,1
126669.73,533,26177.74,349,5.8,0.3283,0.8644,0,143,0.3511,2087,12.59,0
89708.05,328,15957.47,145,5.4,0.9625,0.2655,1,223,0.3457,3222,10.1,0
86485.0,694,90452.95,109,7.6,0.7088,0.0017,0,276,0.6869,3040,22.37,1
76068.66,638,64199.76,351,25.4,0.7198,0.3003,0,210,0.3262,2856,9.57,1
74658.02,688,69345.2,101,18.5,0.3009,0.5479,1,147,0.2102,3219,17.82,0
80448.46,752,69184.59,273,14.2,0.9012,0.796,0,44,0.2838,2720,19.36,1
126395.05,540,68915.59,127,24.2,0.1474,0.0462,0,38,0.4554,3630,19.26,1
110526.05,806,42967.02,87,19.7,0.0055,0.751,0,55,0.7784,897,6.1,0
87334.51,351,57953.55,74,13.7,0.8014,0.6676,0,163,0.95,1813,18.77,1
85621.16,756,90234.77,255,13.5,0.7518,0.8399,0,267,0.4846,980,8.96,1
57144.66,578,36905.52,288,2.4,0.1508,0.383,1,110,0.0642,1670,10.6,0
28094.54,730,42000.3,311,28.4,0.0195,0.8807,0,245,0.0059,1441,9.66,0
135913.4,729,56130.95,291,24.0,0.8978,0.4882,0,249,0.029,1377,20.4,0
114143.58,778,92356.45,330,16.0,0.9069,0.5919,0,43,0.6427,556,26.14,1
53820.32,635,25107.73,179,10.1,0.8796,0.2783,0,216,0.2523,336,14.64,0
26771.13,658,26301.11,47,23.4,0.6518,0.7542,0,103,0.8392,2545,5.42,1
107029.65,523,49178.23,143,23.0,0.1678,0.6072,0,59,0.7778,671,28.98,1
23338.2,619,59700.69,204,11.9,0.715,0.076,0,125,0.1019,3165,9.75,0
124718.64,342,37984.36,231,19.8,0.069,0.6475,1,216,0.8223,433,13.57,1
135904.75,770,72194.32,234,5.3,0.5217,0.6505,0,276,0.7746,1905,13.63,0
54891.42,551,83919.45,56,8.4,0.4508,0.7505,0,195,0.3364,2025,25.68,1
47575.58,564,37332.19,317,21.0,0.2763,0.0102,0,44,0.2414,1665,15.17,0
109779.21,802,47576.58,20,2.8,0.2216,0.6918,0,298,0.369,2268,16.4,1
116971.61,638,38422.0,244,8.1,0.2514,0.1207,0,62,0.7429,3122,21.01,1
116018.6,583,73835.58,280,17.9,0.9805,0.8326,0,185,0.1794,58,21.53,1
25917.04,355,57569.1,76,19.1,0.7528,0.1026,1,146,0.4694,1805,10.88,0
52822.19,789,15838.28,45,12.0,0.0741,0.6294,1,77,0.8111,1245,3.47,1
92549.49,726,62600.18,328,6.8,0.5226,0.4505,0,220,0.3054,2544,2.75,0
32900.36,512,64423.93,147,19.8,0.1571,0.1738,1,2,0.4085,2824,18.22,1
50091.91,589,71783.82,244,2.1,0.2334,0.2646,0,102,0.4251,2231,7.52,1
54532.22,445,11783.93,96,23.8,0.595,0.8242,0,225,0.1244,2821,9.82,0
55392.01,805,46587.09,318,1.2,0.432,0.3223,0,47,0.2289,2762,25.24,0
143602.22,575,59743.46,101,14.1,0.6515,0.9161,0,300,0.4359,3336,15.26,1
65234.94,641,35500.53,65,25.7,0.3298,0.6937,0,206,0.8136,2254,2.06,1
52811.85,418,97167.55,218,25.9,0.8249,0.0012,0,237,0.4132,769,16.03,0
84804.1,752,77199.1,116,8.0,0.131,0.288,0,249,0.1214,2581,18.66,1
40589.16,314,57463.88,59,6.7,0.8414,0.1135,0,79,0.4984,2936,9.46,0
74013.74,794,98123.24,136,13.7,0.1446,0.1906,0,70,0.864,1132,23.41,0
64183.78,819,30381.4,13,8.5,0.2986,0.5869,0,251,0.8653,1830,16.62,1
91749.26,686,48257.74,176,26.1,0.9808,0.2388,0,211,0.0436,3051,14.72,0
69560.05,455,52056.22,30,3.8,0.9654,0.332,1,226,0.0997,1872,1.45,1
133221.29,458,12108.68,147,10.2,0.6927,0.6498,0,274,0.38,1298,19.18,0
83433.17,336,63658.65,132,18.9,0.9209,0.9974,0,223,0.9783,3115,19.38,0
77678.21,606,90825.29,35,9.7,0.0561,0.3585,0,126,0.5312,2319,20.77,1
42759.02,691,63872.49,135,14.9,0.5832,0.2322,0,236,0.2553,39,27.07,0
57392.12,461,12016.88,188,29.6,0.2992,0.962,0,234,0.8453,816,29.98,0
33864.92,690,59332.66,306,8.9,0.6993,0.0219,0,203,0.2745,2319,26.09,0
146568.37,808,84119.7,158,23.3,0.2301,0.8019,0,98,0.6209,2777,22.91,0
108511.16,440,64683.57,333,19.4,0.3089,0.4408,0,68,0.0901,1209,10.47,0
46103.32,674,55430.98,151,24.9,0.257,0.8247,0,152,0.7466,1388,24.32,1
29788.92,531,86713.36,357,29.4,0.9673,0.8046,0,203,0.0139,2198,4.58,0
117371.51,568,60533.21,338,28.2,0.1083,0.2338,1,288,0.328,2499,7.42,1
127101.2,609,66677.75,71,4.2,0.9463,0.3044,0,50,0.2348,2202,4.93,0
107163.21,729,60797.33,91,26.6,0.6549,0.8337,0,144,0.0327,1518,7.3,0
50694.64,671,14438.69,200,16.3,0.9778,0.3587,0,98,0.9682,3474,24.9,1
47573.76,321,9804.96,182,7.3,0.1259,0.5646,1,284,0.2072,885,24.58,1
120667.92,302,31341.11,86,29.6,0.5402,0.7985,1,14,0.1318,1468,23.91,1
62090.29,478,30209.91,76,22.3,0.5261,0.7457,0,186,0.5132,447,14.11,1
99963.89,833,33654.88,341,28.9,0.0608,0.479,0,56,0.4903,1817,3.13,1
99078.67,367,16988.2,331,19.0,0.5484,0.3252,0,272,0.2949,2071,18.56,1
111231.32,520,45856.64,128,12.4,0.8274,0.3987,0,161,0.4268,2725,8.39,0
109286.73,785,11377.66,55,2.8,0.0966,0.7388,0,285,0.06,2301,17.29,0
73405.12,733,87468.75,38,29.1,0.6004,0.3516,0,109,0.1547,1976,7.5,1
129898.54,676,15914.1,154,17.2,0.8072,0.8452,0,286,0.0263,2695,25.05,1
43454.09,616,92546.06,191,0.2,0.8699,0.5663,0,73,0.741,126,3.66,1
68905.27,764,37385.12,201,9.3,0.3244,0.9414,0,27,0.1556,3091,18.92,0
55373.37,734,51137.86,238,12.4,0.2156,0.5123,0,57,0.2832,2780,18.2,0
60094.52,525,42550.02,318,1.6,0.2044,0.9453,0,131,0.2894,492,1.22,0
42840.32,689,55595.32,129,15.0,0.8334,0.8062,1,22,0.4362,1884,27.71,0
94848.69,714,72402.4,225,8.7,0.405,0.9662,0,236,0.832,1483,3.56,0
51631.14,710,54776.44,214,26.1,0.7458,0.2216,0,40,0.5105,468,16.39,1
120909.67,659,74101.02,342,24.5,0.2363,0.1464,0,79,0.7602,2685,3.19,0
101633.34,775,76672.35,308,13.5,0.9242,0.5645,0,166,0.8642,2570,10.17,1
80959.74,610,80651.32,314,1.7,0.5073,0.3104,0,30,0.3687,1176,3.23,0
131188.14,819,41525.84,309,16.6,0.7918,0.8959,0,293,0.6518,1317,18.55,1
144503.91,761,14832.68,187,29.5,0.0843,0.6461,1,225,0.991,2147,16.16,1
68470.76,589,41804.57,185,20.4,0.0524,0.6309,0,169,0.0945,2779,12.21,0
130703.61,453,36669.39,310,19.9,0.9167,0.3102,0,201,0.129,2904,28.2,1
68968.31,636,82252.55,355,21.1,0.9471,0.9972,0,48,0.646,1735,15.75,1
60152.59,519,37464.57,260,5.8,1.0,0.1549,1,52,0.5077,2211,25.22,0
24907.17,644,88257.31,328,3.9,0.3767,0.1622,0,85,0.7212,179,12.91,0
50878.93,754,63006.57,241,7.0,0.2392,0.9656,0,100,0.3678,2337,29.55,1
56630.33,691,52776.14,226,29.0,0.8169,0.8013,1,129,0.0522,1969,26.35,0
33336.67,828,85860.77,157,2.5,0.1603,0.4493,0,224,0.0917,910,24.68,0
140961.35,724,10059.4,269,11.2,0.3862,0.0816,0,164,0.9308,3438,21.73,1
38986.41,339,32253.54,253,20.9,0.1388,0.7055,1,3,0.9059,78,8.42,0
91344.55,840,45209.2,159,7.1,0.1218,0.2384,0,235,0.0628,3428,27.25,0
22136.6,827,59629.51,85,8.7,0.0016,0.3528,0,96,0.6644,351,16.18,1
143942.48,819,79709.17,271,16.6,0.3905,0.4701,0,192,0.2537,67,11.36,1
51346.37,406,78292.63,182,4.0,0.3523,0.3385,0,238,0.9808,1961,19.32,1
28203.07,768,8513.46,115,1.3,0.1995,0.0419,0,264,0.3982,3340,16.75,1
117927.82,495,32180.54,36,26.0,0.3319,0.1245,0,205,0.7433,1584,10.83,1
109968.9,676,92809.49,277,8.0,0.0826,0.4245,0,93,0.5455,1316,3.98,1
58433.19,756,62249.05,230,5.0,0.4439,0.4471,0,181,0.6149,1782,8.96,0
143227.57,376,68762.47,219,10.9,0.8011,0.6794,0,74,0.8487,2778,23.66,1
28740.34,675,39404.31,302,1.0,0.1534,0.4499,0,228,0.7631,2351,4.99,1
60870.11,585,28713.11,70,0.8,0.186,0.5177,0,61,0.2618,1067,21.42,1
99544.03,802,24016.94,81,25.6,0.452,0.8987,0,45,0.8105,3464,29.61,1
112240.26,597,89676.51,92,21.4,0.9273,0.6377,0,261,0.2242,824,23.97,1
84222.85,669,57632.04,200,14.0,0.983,0.1298,0,34,0.3093,2937,21.85,0
119991.39,375,16906.04,174,19.3,0.45,0.6801,0,283,0.6398,746,23.27,1
85372.29,356,83982.13,277,4.6,0.1647,0.3227,0,178,0.9475,2126,26.95,1
52578.69,581,16891.18,167,18.4,0.0934,0.641,0,298,0.1542,2699,19.11,0
63890.55,342,83397.45,26,2.4,0.9485,0.771,1,108,0.767,1707,18.93,1
135569.59,596,65981.19,166,14.5,0.8047,0.685,0,38,0.6886,648,13.75,1
46522.99,447,34695.34,175,22.0,0.8608,0.9754,1,190,0.515,435,10.25,1
54771.32,553,18383.38,37,8.7,0.3841,0.6154,1,82,0.8135,2367,21.91,1
40714.51,827,49347.44,169,14.9,0.09,0.3932,0,124,0.2151,1446,2.41,0
97677.44,781,32146.1,16,25.4,0.4309,0.8825,0,207,0.3659,1641,2.48,0
67128.09,595,11985.52,270,13.5,0.5499,0.8253,0,61,0.1287,397,12.42,0
64081.09,674,76721.69,113,18.1,0.4014,0.0403,1,171,0.804,2128,14.25,1
87015.75,635,93480.03,175,4.9,0.9906,0.7393,0,173,0.5073,2088,16.44,0
58972.77,317,39993.99,356,3.3,0.4165,0.3077,0,14,0.5969,1088,29.05,0
120901.06,533,73533.01,310,14.4,0.5242,0.7212,0,195,0.1478,2789,8.02,0
111067.72,495,6799.05,172,12.6,0.413,0.2039,0,242,0.8728,3014,22.09,1
87428.82,632,99821.67,256,15.8,0.3138,0.1732,0,176,0.5463,2769,23.39,0
103630.18,570,62957.28,110,28.7,0.279,0.2985,0,153,0.7712,2888,7.01,0
61215.3,657,58246.32,152,8.6,0.5735,0.5432,0,203,0.8184,3167,24.33,1
57391.94,380,37904.53,238,19.7,0.7473,0.214,0,139,0.933,2852,8.88,1
116315.83,545,28033.51,354,27.2,0.2257,0.2328,1,170,0.7174,412,20.75,1
145387.44,461,43656.21,255,14.3,0.1995,0.9639,0,31,0.9079,367,19.92,1
116029.25,338,91756.82,101,12.5,0.8376,0.9339,1,204,0.788,764,28.16,0
140385.16,338,5880.38,302,18.1,0.9285,0.335,0,279,0.5243,3643,28.22,0
80842.7,497,81837.32,181,4.9,0.4589,0.2573,1,173,0.7908,2326,20.56,1
99424.08,715,83564.03,275,9.8,0.4008,0.0954,0,245,0.3236,1017,1.2,0
78075.62,573,95633.31,166,17.5,0.5729,0.2616,0,121,0.0621,485,14.5,1
109189.57,618,70577.59,339,27.5,0.295,0.6146,0,69,0.4782,1864,22.68,0
74059.93,782,76948.3,352,24.8,0.7619,0.6803,0,42,0.5255,2164,21.41,1
93341.93,363,83733.54,270,6.1,0.5367,0.1645,0,227,0.1162,842,21.79,0
136855.62,756,81825.75,244,4.0,0.4154,0.5639,0,158,0.7233,1622,8.38,1
48327.17,374,9302.53,188,21.0,0.5412,0.0603,0,242,0.0317,1675,6.22,1
103398.25,730,40573.79,207,13.5,0.9171,0.3775,1,277,0.133,3524,11.09,1
89843.6,841,17097.97,126,25.0,0.7562,0.9785,0,279,0.4241,1554,24.88,1
65000.77,582,22905.64,69,1.0,0.6602,0.6149,0,9,0.2407,276,3.93,1
97712.04,349,28249.74,34,12.1,0.2343,0.2173,0,29,0.1401,1185,7.79,0
94894.34,628,27505.88,85,29.6,0.5213,0.4136,0,286,0.9485,3604,22.32,1
108237.52,807,9453.99,188,28.2,0.6713,0.7858,0,214,0.4083,1229,11.92,0
81557.45,530,33569.96,85,24.2,0.9147,0.5624,0,286,0.53,1591,8.04,1
104071.76,760,85477.67,59,16.1,0.8294,0.0515,0,21,0.8736,771,24.33,1
107288.57,522,50542.45,182,9.1,0.909,0.2118,1,61,0.7469,3090,14.89,1
98572.2,509,42680.05,134,16.6,0.7755,0.3807,0,184,0.3084,1474,15.87,0
32819.07,780,77354.75,175,27.4,0.3707,0.4139,0,114,0.7413,67,8.56,0
95288.58,727,33043.27,112,9.9,0.3798,0.8334,0,173,0.2573,3366,15.17,0
116147.23,771,20982.2,192,5.1,0.7203,0.4883,0,278,0.9903,241,16.19,0
29662.95,349,77612.19,223,4.1,0.6307,0.068,1,112,0.5057,1529,2.75,0
141407.48,794,67632.01,20,0.2,0.5516,0.0119,0,141,0.5357,1175,1.5,0
107624.28,483,15166.56,61,15.7,0.241,0.6198,1,182,0.2673,1626,3.29,0
79669.71,549,99072.14,127,9.0,0.8281,0.0806,0,17,0.0935,1554,11.94,0
102777.25,475,12855.18,234,19.3,0.3313,0.9773,0,271,0.9192,942,7.13,0
135382.06,786,30754.03,50,20.5,0.2804,0.543,0,92,0.9288,1289,1.45,1
38744.9,707,93243.12,165,4.9,0.2405,0.8347,0,277,0.3317,3095,22.45,0
109610.37,380,52575.32,189,1.6,0.4371,0.8387,0,204,0.9689,1337,1.86,1
149036.16,802,26673.15,295,28.2,0.4318,0.6797,0,44,0.7722,1210,24.14,1
30664.94,457,41100.0,336,4.6,0.3896,0.3607,1,158,0.4447,3119,8.82,1
44360.93,759,57913.58,274,12.2,0.0263,0.3539,1,167,0.8637,51,9.46,1
31010.94,548,59336.24,98,20.6,0.1695,0.2689,1,75,0.0633,1781,9.0,0
121746.66,669,28911.48,138,21.6,0.4958,0.6167,0,70,0.3047,1621,10.63,0
124529.94,637,46821.18,232,24.5,0.8595,0.9742,1,165,0.6032,2848,6.82,1
145394.7,626,32687.57,336,14.7,0.5759,0.2424,0,202,0.365,2310,6.79,0
43390.54,327,95535.44,248,28.3,0.2096,0.7977,0,36,0.819,3260,24.06,1
38093.29,610,27992.01,349,4.6,0.4231,0.377,0,246,0.5822,2189,15.69,0
109922.15,337,80118.49,196,21.0,0.8123,0.5938,0,56,0.769,2694,20.28,1
99648.13,709,96847.06,181,29.0,0.4305,0.0105,0,262,0.7469,2286,17.84,1
77951.21,700,48991.0,359,17.7,0.5005,0.345,1,54,0.2954,352,4.37,0
38417.77,619,37591.33,117,15.6,0.3483,0.0976,0,232,0.3189,1230,2.3,0
22936.06,651,66557.14,358,24.0,0.9299,0.7405,0,283,0.1601,2294,13.36,0
123708.25,488,22706.76,348,13.0,0.0292,0.6141,1,220,0.3888,2887,7.23,1
111488.77,364,59848.05,286,5.6,0.326,0.4576,1,251,0.5277,2618,10.09,1
71030.72,416,38052.84,246,18.5,0.8137,0.706,1,44,0.6721,1283,4.42,1
43795.79,444,53528.36,226,17.9,0.5748,0.423,0,276,0.6934,2643,27.99,1
41692.52,595,18328.17,173,25.3,0.6194,0.8655,0,249,0.1365,3340,12.13,0
104899.07,718,70046.18,224,21.3,0.4439,0.1673,0,113,0.2921,1126,7.52,1
121496.23,807,57223.99,69,17.2,0.2679,0.5431,0,278,0.8226,171,23.04,1
48410.45,735,14729.56,346,22.5,0.2977,0.9993,0,179,0.8622,357,13.73,0
120832.11,542,24938.43,313,20.7,0.861,0.6103,0,72,0.7848,3333,7.0,1
65606.01,587,61701.48,98,9.7,0.7041,0.2893,0,264,0.9855,2783,24.64,1
117512.24,721,92283.03,153,26.0,0.1269,0.8661,0,165,0.8285,3119,25.46,1
38482.31,575,64642.22,204,13.6,0.6336,0.8801,1,264,0.7498,2846,28.15,1
143533.03,635,60285.78,59,21.9,0.4584,0.6641,0,33,0.7957,1630,7.32,1
47540.69,574,35672.19,157,10.1,0.5779,0.5661,0,176,0.8942,3123,2.4,1
121905.67,770,6546.73,92,13.2,0.0007,0.958,0,68,0.8821,1237,5.61,0
55622.53,669,28786.98,202,19.9,0.6489,0.0518,0,120,0.4292,374,21.41,1
81984.87,435,61399.55,277,20.4,0.0093,0.6956,0,217,0.694,1957,3.05,1
114999.24,404,14804.15,200,26.4,0.1371,0.7735,0,69,0.6416,2774,5.14,0
21101.72,468,46809.44,121,18.8,0.1514,0.4117,0,112,0.0867,412,5.06,1
114901.19,659,96508.63,173,23.7,0.2478,0.6446,0,146,0.779,2829,1.78,0
133857.53,510,54186.17,272,5.7,0.3918,0.6462,0,123,0.4949,462,7.99,0
29231.56,312,98753.84,174,4.0,0.8608,0.5684,1,89,0.7627,3156,3.12,0
21793.15,520,8783.55,42,28.5,0.398,0.2865,0,213,0.4236,1648,3.39,0
100086.12,584,12941.72,52,15.3,0.2032,0.8081,0,201,0.5864,3127,25.2,0
28594.96,747,74346.05,134,1.7,0.0862,0.4345,0,29,0.3093,3038,20.08,1
21646.45,440,71642.46,95,14.9,0.3467,0.5172,0,133,0.167,520,22.74,0
115281.66,420,78285.88,27,10.1,0.4293,0.5239,1,296,0.6275,2033,14.2,1
84949.3,470,39930.34,142,23.2,0.8943,0.6741,1,261,0.0026,3518,26.02,1
81329.4,692,92421.52,103,27.9,0.8575,0.5529,0,215,0.2245,1017,13.07,0
55263.53,379,59295.92,73,15.1,0.9019,0.1793,0,24,0.9541,283,26.43,0
120558.57,618,36093.59,295,13.7,0.3689,0.2916,0,125,0.4639,2424,29.18,0
120865.17,551,19303.81,221,0.7,0.5415,0.6359,0,5,0.951,6,23.01,1
115950.75,614,14875.16,283,29.5,0.4198,0.9612,0,73,0.7117,382,2.27,1
129915.55,722,71580.46,202,13.8,0.7479,0.5808,0,202,0.0748,2326,2.81,0
36992.08,598,29794.14,173,27.8,0.393,0.8319,0,232,0.272,306,28.36,1
120119.06,411,19764.0,96,13.5,0.314,0.1207,0,107,0.4519,1898,8.69,1
40490.0,611,83506.74,320,1.2,0.8359,0.3278,1,128,0.9684,1624,15.89,1
53821.68,478,7952.8,219,25.6,0.556,0.5501,1,53,0.8039,573,4.52,1
121524.8,527,17417.95,217,11.2,0.6303,0.6447,0,133,0.9174,308,1.63,1
137324.49,754,81883.37,59,27.2,0.8294,0.3315,1,237,0.0506,2351,13.56,0
84496.43,691,69905.23,100,10.6,0.9083,0.275,0,77,0.0346,2537,18.89,0
84855.91,790,10793.01,155,11.5,0.4192,0.6427,0,128,0.6308,3286,16.77,1
69724.75,667,50570.02,260,10.3,0.5657,0.3216,0,14,0.3189,898,1.85,0
56521.25,783,55296.07,311,30.0,0.974,0.1001,0,137,0.5337,3241,27.6,1
149530.97,524,59690.75,210,10.6,0.8392,0.8452,1,163,0.8062,2858,11.4,1
111448.87,660,95018.08,300,4.3,0.9484,0.8367,0,253,0.5421,720,15.22,1
50241.04,524,6893.16,256,0.0,0.9179,0.2015,1,91,0.9188,3459,26.18,1
39202.56,445,78564.82,281,25.8,0.9606,0.3736,0,203,0.586,1379,9.75,1
40475.51,747,80225.04,261,19.5,0.1742,0.9687,0,183,0.2232,2413,24.62,1
115419.35,601,17098.09,12,28.5,0.9487,0.3916,0,291,0.0324,2468,10.23,0
99479.55,406,93985.34,84,9.9,0.0778,0.3468,1,46,0.8217,2745,19.53,0
78061.89,571,24920.01,46,10.5,0.787,0.7204,1,225,0.7326,682,26.65,1
69232.63,684,14635.71,257,23.7,0.5781,0.7582,0,232,0.0737,3465,1.97,1
53946.6,407,12049.04,99,26.6,0.1609,0.075,0,48,0.338,2514,26.9,0
76072.03,468,62695.17,234,4.7,0.1013,0.2056,1,284,0.722,2990,16.66,0
58662.08,398,9715.37,304,16.5,0.4909,0.0545,1,45,0.2945,2712,19.13,0
32608.3,511,21229.06,161,29.3,0.4736,0.1155,0,242,0.4891,2708,8.69,0
70378.53,679,89121.81,201,5.6,0.0446,0.4397,0,138,0.5642,620,22.81,0
31141.95,652,81777.11,223,29.1,0.5897,0.5536,0,268,0.4186,2194,20.92,0
94452.86,541,50244.92,52,11.8,0.8539,0.0347,0,265,0.8005,2776,29.5,1
143403.13,759,21423.5,97,29.2,0.8085,0.1262,0,223,0.2019,3370,19.19,0
53525.23,368,13267.61,296,11.9,0.3261,0.2762,0,7,0.7866,2553,18.04,0
34627.45,453,19078.98,313,17.5,0.9648,0.1002,1,52,0.7857,3554,16.53,1
73415.7,692,67204.83,304,18.3,0.0375,0.2754,1,206,0.0388,3644,26.49,0
26407.83,786,92479.32,202,0.6,0.8174,0.3031,0,252,0.8582,2806,3.85,0
37470.12,753,78532.94,176,8.1,0.4168,0.6456,1,109,0.9134,1668,22.49,1
132734.57,357,53950.62,93,2.0,0.7096,0.4034,0,269,0.8793,119,6.04,0
46094.48,359,28701.57,245,1.5,0.3604,0.1991,1,238,0.5051,2603,27.77,0
51451.95,800,61434.14,102,28.8,0.4746,0.5513,0,133,0.749,2822,3.62,1
26454.64,519,86425.56,343,6.8,0.2067,0.6516,0,5,0.4741,542,19.77,0
21100.28,558,62792.67,168,21.4,0.7094,0.2754,0,179,0.459,894,14.53,0
127160.41,706,60526.28,15,15.3,0.6624,0.8433,0,145,0.2985,443,14.97,1
55942.82,632,86841.7,145,19.7,0.9522,0.6515,1,265,0.7655,233,24.36,0
98004.33,627,69671.8,25,19.7,0.9975,0.2594,0,199,0.7367,2389,21.53,1
44688.97,527,70200.22,338,23.5,0.9065,0.6719,0,88,0.8406,3591,17.19,1
81201.51,564,73892.73,298,22.9,0.1831,0.6797,0,46,0.2223,915,22.58,1
122451.76,639,40309.83,311,8.8,0.8512,0.4705,0,299,0.5803,2543,3.07,0
85062.06,690,55334.66,223,1.6,0.8542,0.1374,0,210,0.9872,1875,5.15,0
43446.38,382,51320.18,335,29.6,0.3134,0.058,0,108,0.7612,691,17.71,1
122077.42,390,17293.57,234,19.0,0.4034,0.9653,0,20,0.5338,2993,11.82,1
61887.71,843,23104.79,358,0.1,0.7336,0.2263,0,160,0.1289,1572,15.6,0
28487.31,346,33329.21,160,13.7,0.5203,0.5241,1,69,0.3427,2008,11.42,1
143250.97,713,6816.85,126,21.8,0.1312,0.7341,0,87,0.1232,2913,19.87,1
133950.74,561,78268.72,331,1.5,0.9947,0.662,0,11,0.0482,475,13.09,0
91146.71,785,71677.48,117,20.9,0.6303,0.3011,0,267,0.27,2481,21.32,0
136820.85,823,73282.79,72,8.5,0.7848,0.4977,0,135,0.8315,827,11.38,1
40848.57,808,91483.88,258,9.9,0.0027,0.6716,0,294,0.669,611,28.53,0
29756.27,403,90954.04,341,6.9,0.9887,0.296,0,52,0.8132,3581,2.14,1
124207.49,620,45469.54,71,2.8,0.7582,0.0459,0,88,0.3287,1793,28.7,1
115298.83,681,82421.61,105,3.4,0.4003,0.4565,0,245,0.7999,2658,26.7,1
37226.5,360,98249.07,93,3.1,0.9112,0.4827,0,225,0.1813,1556,23.6,0
132134.85,433,50892.57,261,3.4,0.4113,0.046,1,161,0.0124,3557,20.66,0
94964.37,529,97900.08,354,26.2,0.5191,0.6882,0,222,0.6617,1019,14.98,0
103382.58,452,84708.14,297,26.8,0.6129,0.0116,0,259,0.8488,3490,15.38,1
117685.9,628,27884.72,154,1.5,0.2227,0.6433,0,121,0.0788,1820,24.24,0
131356.6,757,35025.85,266,22.4,0.0178,0.4034,1,282,0.0002,373,23.96,0
102879.96,820,58421.59,347,20.1,0.9504,0.3633,1,115,0.8443,1360,17.24,1
81507.38,672,73011.78,70,2.9,0.6589,0.0022,0,150,0.5477,1532,21.36,1
41340.2,443,83074.67,221,3.2,0.6109,0.1875,0,202,0.2156,3378,23.66,0
34009.55,724,9417.53,336,25.1,0.5888,0.7721,0,259,0.1346,2044,1.13,0
91919.42,743,84687.53,259,27.7,0.7811,0.9102,0,89,0.7305,526,4.0,0
98800.9,629,52890.46,208,12.6,0.609,0.6925,0,204,0.9636,1205,14.13,1
73656.91,824,33396.75,292,25.8,0.7119,0.9355,0,103,0.2097,2927,9.43,0
107408.58,482,52869.88,338,9.7,0.1154,0.3522,0,293,0.9427,2909,13.11,1
129380.61,592,88360.34,228,24.2,0.5227,0.0253,1,29,0.1999,3073,23.78,0
108840.74,449,84741.27,163,6.1,0.5412,0.3587,0,288,0.8648,3041,19.77,1
86419.9,594,70828.93,36,27.8,0.3876,0.9567,0,161,0.9658,221,1.38,1
100673.02,753,83848.43,336,21.1,0.6476,0.7551,0,101,0.7761,793,9.53,1
108745.65,491,96435.15,275,3.6,0.0406,0.2791,1,83,0.584,1045,1.16,0
141874.28,340,19601.82,177,17.9,0.7737,0.6254,0,155,0.4906,2346,16.95,1
111998.6,838,25896.39,106,15.6,0.7863,0.1594,0,207,0.0919,907,26.62,0
63038.65,600,25752.3,328,15.9,0.9966,0.8237,0,5,0.1147,1418,13.92,0
99781.14,549,96095.2,176,11.4,0.7962,0.1134,0,145,0.0247,2118,24.84,0
124366.18,756,51246.45,163,26.9,0.1925,0.5139,0,86,0.9716,3168,16.6,1
28511.34,518,87170.33,229,25.1,0.2056,0.8287,0,223,0.6466,296,22.66,1
79699.28,639,8599.2,49,1.6,0.7942,0.5581,0,117,0.911,1670,12.25,1
76293.25,317,42002.68,72,16.0,0.6414,0.6183,0,300,0.0455,3475,3.11,0
33797.62,608,62623.75,156,23.0,0.4377,0.3951,0,243,0.1563,901,4.96,0
123673.0,602,96212.76,85,8.9,0.887,0.9654,0,192,0.9574,46,17.05,1
36020.57,305,59408.27,213,16.1,0.947,0.3047,0,177,0.2117,2646,25.69,1
43919.05,558,23460.99,104,20.1,0.5673,0.0544,0,282,0.4613,2252,3.12,0
52589.39,502,73930.98,261,28.5,0.3571,0.6713,1,146,0.6195,793,10.22,1
100124.52,613,70878.52,90,17.0,0.3645,0.3163,0,3,0.3132,3219,7.42,0
76696.13,668,17759.05,181,26.3,0.4628,0.3587,0,283,0.1088,2645,18.59,0
131632.78,443,89673.22,112,7.9,0.8863,0.0765,1,10,0.8496,2588,1.9,1
72667.48,517,91098.84,294,7.8,0.894,0.5397,0,77,0.3658,915,26.85,0
131431.34,437,49146.61,273,2.7,0.3639,0.0106,1,85,0.7572,575,13.94,1
143332.54,449,74912.38,259,28.2,0.0404,0.7615,1,136,0.3694,176,20.39,0
122889.86,697,49619.05,244,26.4,0.0399,0.6485,1,267,0.6336,1121,25.21,1
90765.51,478,40782.66,205,11.0,0.6533,0.8355,0,193,0.9727,913,15.97,1
132803.52,798,80302.46,321,0.2,0.882,0.4399,0,264,0.6435,867,5.36,1
98262.64,421,67805.42,224,24.3,0.7203,0.4815,0,108,0.5908,2652,25.17,1
25608.76,464,17798.78,274,1.2,0.5723,0.0559,1,93,0.5166,1661,18.38,0
22420.6,590,94989.12,122,13.5,0.9928,0.8673,1,211,0.6008,3255,17.9,0
101017.53,823,30129.47,187,27.7,0.5965,0.0688,0,68,0.1086,829,16.16,0
108967.82,453,62523.55,102,14.3,0.6147,0.039,0,258,0.7524,382,14.98,1
98451.7,301,90212.05,359,19.5,0.522,0.3704,1,272,0.429,3287,14.98,0
65567.32,400,45421.49,142,14.3,0.2325,0.8591,1,279,0.4086,775,1.16,0
20924.83,835,16193.72,15,11.3,0.2054,0.8043,0,55,0.1548,2669,17.98,1
89693.64,674,63128.66,360,11.9,0.2037,0.5521,0,92,0.3702,2273,15.03,0
95094.65,707,74899.33,349,3.6,0.2298,0.7831,0,52,0.2145,1641,23.8,0
99823.3,353,20270.11,337,0.2,0.0911,0.1453,0,223,0.0881,1078,7.43,1
24908.19,693,93415.07,217,18.4,0.521,0.7116,0,90,0.6403,1799,1.31,0
140998.6,830,32170.62,29,23.5,0.5105,0.6984,0,19,0.3597,2683,1.01,1
149586.23,709,38547.13,214,12.2,0.2003,0.0154,0,47,0.5496,2975,25.06,0
65252.38,583,26498.07,111,13.6,0.404,0.0047,1,260,0.1065,297,15.59,0
35211.17,825,95887.39,287,24.4,0.5749,0.6942,0,289,0.4836,997,22.97,0
79650.3,771,90169.76,26,14.5,0.2578,0.3827,0,113,0.6769,942,24.2,1
65902.51,848,5923.7,146,7.4,0.093,0.6737,0,39,0.5546,732,14.82,1
136261.11,575,22364.52,109,15.0,0.1997,0.7354,0,106,0.2292,3420,8.24,0
40279.42,409,16388.46,52,20.3,0.6634,0.6138,0,278,0.958,3474,14.99,1
84004.25,581,51626.51,273,8.4,0.2221,0.5767,1,217,0.4783,2215,1.94,1
131852.02,478,48433.62,73,20.9,0.4601,0.6892,1,108,0.3794,413,10.44,0
53761.1,569,27528.22,253,28.8,0.3431,0.1839,0,215,0.7007,1525,11.59,1
78594.77,434,98030.88,129,24.4,0.7208,0.8041,0,196,0.1961,3277,28.82,1
124736.89,480,45044.46,80,29.9,0.8494,0.517,0,250,0.3,2303,25.9,1
32866.72,467,10703.46,142,14.3,0.6299,0.4499,1,185,0.3603,2284,28.02,1
22578.59,424,38353.6,359,28.9,0.199,0.5759,0,90,0.9794,1166,11.3,1
83374.19,757,89515.08,207,18.4,0.4638,0.9566,0,173,0.4218,2509,17.58,0
29274.73,465,37644.42,172,9.5,0.2914,0.2675,0,139,0.8877,3199,26.02,1
96299.57,761,44328.96,106,25.6,0.125,0.2346,0,41,0.2106,1627,3.99,1
134229.83,355,7504.67,215,15.7,0.996,0.1039,0,44,0.6548,3627,12.31,1
115887.12,753,64515.67,79,15.8,0.1706,0.0352,0,167,0.8642,1914,29.27,1
55413.88,755,17835.92,288,5.3,0.5976,0.631,0,289,0.435,2621,19.55,1
65131.88,532,81447.24,238,9.2,0.4122,0.1557,1,268,0.8154,3474,4.95,1
89562.86,803,94960.96,256,9.0,0.7659,0.798,0,4,0.5482,773,12.94,0
71317.77,467,72919.11,342,11.7,0.3784,0.263,0,123,0.5166,3277,27.39,0
109003.24,591,66603.42,284,24.3,0.4129,0.8535,1,149,0.1104,1866,18.91,1
100957.99,492,35461.15,89,1.5,0.535,0.1859,1,138,0.125,1796,22.09,1
39588.88,805,25632.87,227,9.3,0.7995,0.998,0,17,0.3302,3456,22.77,1
54645.47,701,11781.55,252,5.4,0.8957,0.2501,0,7,0.122,3147,21.73,0
146746.39,553,75073.81,29,6.0,0.7353,0.094,0,107,0.4728,2792,28.88,0
40619.49,343,75748.83,293,15.6,0.2533,0.6385,1,27,0.8637,893,29.22,1
76441.01,315,20899.23,153,17.5,0.3958,0.2431,0,298,0.7835,1947,20.96,1
120203.61,554,19981.35,58,20.6,0.3384,0.9697,0,31,0.0598,2641,5.46,0
33960.92,799,27104.09,297,23.7,0.7567,0.8055,0,99,0.0214,1548,11.39,1
136826.2,796,72129.47,298,8.8,0.697,0.1898,0,179,0.3237,1919,8.98,0
138881.62,464,11543.28,91,13.5,0.8194,0.5416,0,260,0.379,760,26.61,0
67329.78,544,35465.94,44,19.7,0.539,0.3875,0,255,0.7657,632,18.78,1
103317.51,413,14144.35,349,2.0,0.8352,0.1298,0,104,0.1071,785,3.86,0
128718.94,801,54953.03,314,7.7,0.3664,0.606,0,107,0.6557,3645,25.13,1
103059.17,669,58011.89,224,24.7,0.7942,0.0583,0,271,0.0407,289,25.2,1
48067.01,831,14226.33,130,15.9,0.1895,0.5262,0,92,0.5584,2287,13.04,1
103021.16,666,69076.79,352,12.8,0.1041,0.7925,0,259,0.3375,648,16.48,0
141357.6,622,57257.73,178,25.3,0.4123,0.6332,0,166,0.6084,2307,16.82,1
91531.03,560,39200.81,243,13.4,0.3971,0.7263,0,9,0.5176,3647,9.75,1
48845.27,622,7061.63,153,27.6,0.5113,0.5707,0,49,0.0377,1457,5.53,0
135651.3,555,27134.44,165,2.8,0.3998,0.9179,0,167,0.7929,709,15.16,0
111370.23,397,61546.96,165,1.1,0.8083,0.3815,0,172,0.3479,3348,13.59,0
35670.27,532,76029.47,320,27.9,0.6339,0.6322,1,269,0.0412,2212,17.38,0
110709.92,456,9799.38,213,29.1,0.7528,0.5753,1,222,0.2898,1616,5.29,0
81861.11,350,57074.48,146,2.6,0.5018,0.7738,1,70,0.4809,812,15.15,0
45492.91,836,28393.35,48,8.0,0.4301,0.6847,0,58,0.6717,1735,11.59,1
64788.24,324,78119.72,98,29.6,0.6162,0.9902,0,75,0.4405,3352,7.77,0
40278.86,387,15675.32,39,7.3,0.621,0.1477,0,148,0.0137,2842,24.32,0
81254.74,639,24855.91,287,6.4,0.5464,0.7504,0,73,0.6951,2738,1.53,0
106258.68,344,29268.35,42,8.5,0.7892,0.618,1,5,0.0666,2705,8.87,0
105813.05,410,6812.44,344,11.6,0.9798,0.5085,0,162,0.4847,2446,16.42,1
85084.61,768,58265.32,23,1.2,0.9223,0.3049,0,81,0.0184,2803,11.21,0
50706.62,813,31208.44,43,18.8,0.8787,0.8904,0,16,0.9441,1148,7.54,1
71070.06,440,13340.53,207,15.6,0.678,0.8727,0,214,0.2404,626,13.37,1
98697.96,759,56512.21,117,19.6,0.581,0.684,0,71,0.309,2889,27.06,0
75908.36,448,67342.02,301,27.5,0.3175,0.5573,0,61,0.1841,3439,26.51,0
119506.55,723,96313.64,167,13.3,0.9338,0.8941,0,141,0.152,770,4.1,1
119118.17,573,62532.43,325,6.9,0.2322,0.6874,0,245,0.1341,3466,18.54,0
68614.72,696,51687.33,82,4.9,0.2263,0.4086,0,139,0.9502,912,22.53,0
118510.96,367,21822.43,236,26.0,0.4899,0.3249,0,127,0.4276,3180,2.21,0
69448.64,620,42444.32,304,17.8,0.5252,0.8758,0,267,0.1093,1872,24.98,1
149458.73,831,56097.57,32,16.7,0.5161,0.6306,0,150,0.4396,3623,9.83,0
79975.13,732,32969.87,39,20.7,0.9037,0.4636,0,47,0.7226,464,6.21,0
136262.64,438,42341.34,177,13.5,0.1789,0.5903,0,104,0.8825,370,8.25,0
137931.12,467,73245.6,75,2.7,0.7062,0.6341,1,197,0.7269,2096,18.75,1
91544.97,344,77984.73,183,17.0,0.6595,0.1501,0,92,0.7692,211,13.17,1
119921.95,756,32434.15,104,3.5,0.1316,0.2029,0,130,0.0122,2039,25.81,0
20747.57,805,27598.44,313,19.8,0.4537,0.4419,0,4,0.2447,2242,9.07,0
126615.78,512,9647.29,87,1.7,0.349,0.1454,1,296,0.838,1223,10.6,1
34155.39,482,20326.85,157,18.3,0.6915,0.595,0,91,0.9663,3070,17.79,0
32106.42,606,35668.08,206,24.6,0.7584,0.8433,1,242,0.1345,2846,25.92,1
73788.53,514,71103.8,325,1.7,0.5714,0.9793,0,45,0.4837,2821,18.54,0
111884.73,737,62840.24,174,7.8,0.5751,0.6232,0,289,0.4964,2987,19.32,1
43387.94,538,72315.77,111,0.0,0.024,0.6255,1,107,0.7996,1699,13.01,1
92854.02,517,6073.24,115,20.7,0.2544,0.0678,0,282,0.3239,26,4.3,0
71486.41,329,84044.06,111,9.9,0.3379,0.6725,0,19,0.6457,1973,5.51,1
132479.17,643,48934.66,223,27.8,0.056,0.5211,0,162,0.5552,77,7.04,0
123939.59,662,11290.24,88,8.4,0.0312,0.9836,0,85,0.571,1596,6.43,1
121704.71,615,72000.29,173,21.3,0.2715,0.0868,0,191,0.4519,1240,7.27,1
34590.07,338,78890.09,59,13.3,0.0249,0.4827,0,98,0.3401,1981,22.24,0
120819.32,446,78100.73,62,24.7,0.938,0.6767,1,19,0.4594,2924,26.08,1
60427.57,345,70269.97,316,26.2,0.3333,0.8892,1,160,0.0225,3107,10.05,0
61714.45,497,32223.9,284,9.6,0.4411,0.1177,1,141,0.1145,2552,17.23,1
90528.73,626,30749.95,157,17.2,0.1713,0.3114,0,277,0.4436,533,1.84,0
26559.28,692,10110.99,230,11.8,0.7047,0.8913,0,229,0.6163,1280,10.64,1
118592.33,846,12461.83,250,17.0,0.0929,0.8024,0,50,0.4556,2804,19.69,0
81170.96,529,18653.56,327,7.7,0.3634,0.1834,0,170,0.7888,3615,10.42,1
28497.48,415,38386.88,248,25.4,0.2823,0.3486,0,261,0.1029,3349,21.71,1
92299.48,372,80280.94,284,13.8,0.5905,0.2386,1,82,0.9739,1573,2.92,1
110227.78,741,79509.83,234,17.0,0.3422,0.6941,0,40,0.7394,2916,17.65,1
96981.21,774,35910.92,61,24.7,0.1762,0.9559,1,56,0.6855,2443,23.37,1
84258.37,362,13600.64,83,26.6,0.9033,0.6361,1,76,0.6609,1856,16.41,1
95131.08,500,24537.86,174,9.0,0.7943,0.6796,0,223,0.7178,1411,29.72,1
99493.8,822,43398.75,77,25.6,0.0624,0.9011,0,1,0.7034,3362,29.38,1
56687.2,331,27347.91,314,11.8,0.3181,0.3828,1,280,0.2112,711,14.77,1
69997.36,668,84796.46,90,8.7,0.8727,0.1255,1,9,0.144,3625,15.11,0
148728.29,386,18035.93,224,25.8,0.8936,0.6954,0,93,0.4544,1738,17.01,1
66189.94,490,45353.33,15,17.3,0.8468,0.2367,0,211,0.9266,2361,11.64,0
93859.45,677,15750.62,258,28.9,0.0801,0.7302,0,144,0.4649,321,16.18,0
51880.07,379,69987.03,288,23.9,0.3125,0.0528,1,6,0.4689,2100,27.28,0
63096.82,661,96255.22,162,8.7,0.0353,0.9229,0,289,0.2604,2578,14.72,1
26710.59,598,81845.1,331,0.8,0.4848,0.1268,1,143,0.2521,2523,9.15,0
21846.39,414,62363.05,314,22.2,0.6592,0.3698,1,121,0.4849,3275,16.29,1
147929.32,448,61576.69,90,25.1,0.7528,0.4129,0,226,0.726,686,7.11,0
64859.84,570,76770.97,71,1.6,0.464,0.4762,0,273,0.2337,2800,21.46,0
38869.48,745,6126.99,241,11.5,0.3157,0.5303,0,50,0.9177,2611,11.26,0
99363.12,579,36821.9,148,24.1,0.2553,0.5842,0,124,0.7343,2412,23.34,1
108103.36,484,34760.63,17,20.2,0.8317,0.012,1,54,0.6855,1440,7.36,1
45100.34,324,63842.74,41,28.2,0.6566,0.8355,0,63,0.7081,492,3.51,0
68874.6,489,90120.15,106,7.6,0.467,0.9362,0,142,0.7694,2836,27.2,0
62042.54,465,79169.47,153,23.3,0.3828,0.3327,1,136,0.1779,285,15.26,0
99339.25,482,66320.9,67,4.3,0.7687,0.2184,0,227,0.7154,424,2.01,1
114580.87,756,6782.66,266,4.5,0.6403,0.9329,0,137,0.1516,1351,27.23,0
86999.79,802,50423.25,218,25.3,0.7809,0.7854,0,2,0.3844,2824,24.72,1
93741.71,667,36676.77,167,12.0,0.6323,0.9588,1,274,0.8533,1393,3.33,1
119646.05,507,21778.74,32,29.0,0.6607,0.2989,0,55,0.6306,1472,15.11,0
76937.89,494,18294.58,110,0.8,0.9964,0.2385,0,277,0.6434,2047,16.48,0
78409.95,316,8519.05,40,10.1,0.721,0.4055,1,268,0.4584,2778,26.24,1
116336.69,538,92857.5,30,22.1,0.4889,0.0191,0,24,0.2427,2658,4.79,1
26494.54,614,82970.23,61,13.7,0.1707,0.591,0,55,0.1142,2438,24.18,1
124578.96,736,37047.6,359,12.1,0.1208,0.6841,0,165,0.8364,3249,7.18,1
42548.19,364,16470.82,84,22.7,0.1681,0.3699,1,125,0.9257,167,4.87,0
102185.3,685,78877.86,20,26.4,0.0807,0.0072,0,146,0.4162,3308,23.97,1
36496.01,446,65783.44,279,13.5,0.2393,0.1745,0,93,0.7172,2507,28.56,1
121735.79,656,44784.66,297,7.1,0.1175,0.5302,1,186,0.8627,2211,15.72,1
101440.35,513,31260.53,111,3.4,0.1492,0.8438,0,255,0.1763,2745,27.76,1
67345.1,514,46293.81,183,18.5,0.8901,0.4531,1,27,0.9249,721,5.58,1
86937.48,372,90032.52,239,17.8,0.326,0.1988,0,167,0.2301,452,10.46,1
115907.22,504,40675.58,124,2.2,0.5851,0.0543,0,111,0.9279,1864,6.16,1
79506.23,498,65042.01,150,6.1,0.1272,0.6922,1,70,0.1111,1907,14.3,1
64664.88,602,62345.42,338,28.6,0.9056,0.5781,0,118,0.0865,3511,16.13,0
48137.54,784,84513.96,154,0.4,0.4281,0.8726,0,223,0.5795,2424,28.44,0
136772.73,727,98117.48,32,29.7,0.7335,0.5042,0,202,0.4793,3269,21.2,1
84387.06,385,58056.26,18,20.8,0.4066,0.218,1,123,0.6476,372,1.46,0
41034.37,770,86502.6,310,0.7,0.4548,0.7718,0,208,0.1849,3570,11.74,0
102342.3,372,41563.53,182,15.9,0.2966,0.7529,0,278,0.5752,849,23.84,1
134510.14,356,53899.97,357,10.9,0.0516,0.383,0,21,0.3656,718,19.8,0
92898.57,509,18148.55,183,7.2,0.1136,0.4785,0,298,0.8711,2879,7.08,0
49306.84,661,90303.64,269,20.4,0.2771,0.0634,0,249,0.5015,3398,4.56,0
108180.08,845,90447.86,243,18.6,0.7999,0.9454,0,34,0.1884,3621,14.28,1
136732.96,595,96034.37,51,3.3,0.2759,0.6971,0,105,0.5207,2570,1.66,1
108712.44,435,50020.97,227,13.3,0.6447,0.2915,1,119,0.8349,2129,19.7,1
64563.02,634,51184.1,352,20.9,0.8419,0.4453,0,68,0.8983,1256,5.98,1
82951.6,595,78126.23,36,4.5,0.2844,0.9562,0,83,0.7118,1169,6.29,1
112054.45,457,20319.2,71,1.2,0.3166,0.1265,1,95,0.2052,2897,2.01,0
64700.11,681,47600.76,95,16.0,0.1215,0.0249,0,75,0.9478,1312,5.53,0
90998.93,819,36471.66,163,14.2,0.2898,0.944,0,294,0.6669,3276,17.39,0
77473.72,415,74505.85,32,4.2,0.551,0.3081,0,113,0.446,379,10.46,0
45369.47,839,26103.67,154,5.9,0.0836,0.8495,0,45,0.9758,1616,6.64,1
98660.12,357,91302.46,196,11.9,0.716,0.4276,0,7,0.2847,1440,9.93,0
92934.29,520,74146.07,239,22.2,0.4156,0.4425,1,218,0.7286,1697,5.05,0
31190.14,512,33806.96,280,29.6,0.0661,0.9601,0,46,0.0066,2617,27.52,0
92255.8,440,23929.47,207,8.7,0.4906,0.8228,1,300,0.3039,2291,22.46,1
122858.54,457,29954.32,339,25.0,0.4725,0.6538,0,214,0.1794,2818,19.7,1
119413.39,804,99461.63,46,18.0,0.3618,0.4805,0,133,0.628,1950,29.25,0
68516.29,317,85301.61,95,17.4,0.1461,0.461,0,183,0.1633,1117,11.47,0
144170.33,349,32536.34,283,19.2,0.0768,0.1938,0,49,0.5988,685,16.77,0
127486.86,608,30788.6,197,2.9,0.58,0.8233,1,266,0.2814,3190,15.06,1
138402.44,404,25698.24,269,6.6,0.1884,0.8971,0,270,0.8461,2919,16.98,0
34815.68,771,92022.96,71,24.6,0.9234,0.4795,0,186,0.139,1811,26.8,0
119266.64,650,21359.68,167,0.9,0.8146,0.2224,0,73,0.688,1260,4.63,1
30218.65,414,12384.85,259,22.7,0.0425,0.1078,0,263,0.5932,1922,4.45,1
28612.16,310,76682.28,75,27.6,0.2054,0.9012,1,180,0.0293,597,25.53,0
143342.91,656,38459.31,268,23.4,0.613,0.5049,1,297,0.7632,2167,7.29,1
56641.38,850,5411.25,62,27.7,0.9205,0.8513,0,95,0.4397,440,6.24,1
69349.96,519,53853.85,220,3.4,0.9846,0.1236,1,70,0.4958,1480,21.44,0
25279.11,635,51902.72,209,8.5,0.6004,0.312,0,228,0.2259,1669,9.43,0
44542.05,371,90001.69,255,28.2,0.3674,0.0128,0,54,0.3964,2141,20.1,1
38637.78,710,71028.53,64,22.2,0.8924,0.1687,0,102,0.3386,2437,25.48,1
50273.05,734,73894.05,154,22.9,0.766,0.5936,0,205,0.3561,2731,18.49,1
82989.27,585,19000.54,244,3.2,0.2507,0.4973,0,69,0.0297,3023,2.53,1
108153.97,483,41350.13,359,9.8,0.3028,0.6232,0,267,0.7676,3248,14.51,1
84726.88,816,29858.2,187,24.3,0.5405,0.0177,0,221,0.8801,488,12.13,1
68923.75,770,8418.21,102,16.7,0.8604,0.303,0,252,0.4307,1280,21.76,1
34219.66,802,67707.47,288,17.2,0.4759,0.8544,0,201,0.2634,2421,29.16,0
65859.29,591,35445.86,26,17.7,0.1282,0.3664,0,299,0.0269,2561,10.9,1
64868.59,665,44133.31,40,19.8,0.2476,0.6481,0,34,0.8689,469,10.79,1
62395.19,771,67487.94,228,17.0,0.9014,0.2666,0,12,0.9858,1548,17.54,1
32704.34,800,14505.38,357,6.2,0.4967,0.8115,0,86,0.6148,1489,29.11,1
102607.75,377,84836.15,286,6.4,0.2652,0.2973,0,116,0.6246,377,21.81,1
96942.41,579,11390.63,283,14.3,0.2097,0.7957,0,155,0.5046,1229,13.55,0
46010.01,711,28870.16,275,13.6,0.7634,0.1806,1,265,0.8627,2363,15.48,1
127108.04,778,30453.92,338,16.0,0.6144,0.7691,0,290,0.7266,246,16.15,1
39206.68,454,75911.18,165,25.3,0.4103,0.8602,0,105,0.846,1094,24.89,1
53338.06,541,43557.26,70,4.5,0.0277,0.797,1,249,0.5598,1787,13.24,0
46258.77,579,17960.91,144,23.7,0.2778,0.5507,0,22,0.9638,1991,23.68,1
136545.71,621,62151.98,44,27.0,0.407,0.3634,0,47,0.3969,3440,22.0,1
34551.21,812,93628.87,279,19.9,0.5804,0.7751,0,255,0.8846,976,18.39,0
60743.34,699,81554.95,132,28.1,0.218,0.1068,0,141,0.4395,1042,26.02,1
89351.1,415,35066.54,228,14.2,0.2463,0.2777,0,75,0.363,2932,11.66,1
103901.69,335,84939.93,351,24.0,0.0547,0.9175,0,130,0.5527,1267,19.53,0
137410.42,424,55816.52,133,25.7,0.3885,0.9098,0,131,0.3009,3370,22.94,1
131724.18,464,92009.63,335,9.5,0.8122,0.6444,0,141,0.8664,3372,23.6,1
115802.46,640,73151.67,63,24.7,0.6985,0.5063,0,281,0.7378,1857,21.16,0
103378.46,488,64864.85,340,4.1,0.4007,0.6283,0,43,0.1108,1023,15.97,0
127980.78,433,85461.24,222,23.8,0.3194,0.4784,0,134,0.1735,2430,24.98,0
45826.28,724,39921.96,213,26.3,0.9448,0.8843,0,12,0.9231,2651,18.75,1
31566.95,773,23835.29,98,1.5,0.618,0.6004,1,189,0.1701,2324,4.4,0
76570.64,764,83589.46,265,3.6,0.7136,0.1905,0,137,0.288,2025,12.08,0
46858.77,520,99544.71,156,21.8,0.1894,0.1804,0,15,0.2902,1073,7.83,0
52281.33,769,13145.17,252,4.0,0.3232,0.693,0,197,0.7085,3016,18.32,1
92410.0,353,36621.94,132,14.1,0.3543,0.6064,0,24,0.0054,2067,18.97,0
71310.59,679,17562.63,298,1.2,0.1794,0.1699,0,174,0.8779,541,3.6,0
76280.86,566,16100.0,34,29.4,0.4992,0.9734,0,185,0.9262,1159,27.18,1
127846.59,570,54112.41,235,26.8,0.3155,0.9946,0,78,0.5557,2693,19.46,1
44559.59,355,26836.75,30,14.1,0.1636,0.4671,1,254,0.0408,1461,29.68,0
79508.76,415,85354.64,87,3.7,0.0936,0.8682,1,87,0.7499,3370,8.91,0
96138.06,304,54971.46,304,5.4,0.9204,0.2462,0,49,0.8874,107,9.24,0
35858.82,682,61082.16,66,25.1,0.1538,0.0811,0,246,0.4541,1104,18.23,1
146070.17,763,35866.97,303,3.9,0.8633,0.8016,0,29,0.7438,2242,28.61,1
71851.6,482,27807.61,216,2.7,0.8523,0.1629,0,146,0.6472,2680,5.47,1
124143.05,617,90854.76,320,3.9,0.6655,0.8321,0,251,0.4454,1590,14.82,0
74999.18,732,82044.46,326,5.6,0.6307,0.0929,0,238,0.6764,2653,20.9,1
84391.89,837,12977.16,251,13.1,0.9072,0.4776,0,66,0.6843,1231,25.4,1
58412.61,348,57344.46,35,15.4,0.5107,0.413,0,292,0.8128,1456,8.39,1
85447.79,416,75349.04,248,5.4,0.1822,0.393,1,153,0.3139,2966,14.19,0
101095.35,571,37426.77,107,6.3,0.0782,0.9822,0,55,0.4338,74,1.17,1
42325.6,788,48715.49,219,26.1,0.9658,0.6019,0,185,0.6907,2828,20.58,0
31392.57,438,6318.21,69,24.5,0.696,0.1882,1,247,0.6486,2662,8.01,0
131564.62,495,13178.89,249,4.4,0.4219,0.1165,0,228,0.9639,1932,1.57,1
51541.85,601,59095.89,212,1.5,0.0079,0.6304,0,213,0.8486,3020,17.78,0
149873.43,337,51312.17,260,15.4,0.7246,0.9353,0,250,0.2319,249,16.32,0
61060.52,365,30445.64,343,12.5,0.4733,0.4948,0,178,0.4483,1787,1.6,1
44986.17,652,46620.52,271,6.6,0.9091,0.3392,0,240,0.1312,1202,21.97,0
74191.94,668,80617.4,94,18.7,0.2825,0.7493,0,67,0.1733,641,18.57,1
74077.97,805,33846.93,119,16.7,0.9993,0.3588,0,82,0.1747,3521,26.94,1
28276.53,740,15827.08,128,3.6,0.2241,0.2578,0,182,0.7694,3155,26.45,1
39653.19,827,62407.5,65,21.2,0.9266,0.4378,0,57,0.9747,3202,18.71,1
143159.85,342,53194.04,97,18.9,0.8709,0.911,1,150,0.7082,3122,15.67,0
32908.25,672,36787.71,82,3.7,0.2019,0.9696,0,4,0.2453,3315,14.74,1
42264.03,572,40381.45,224,10.8,0.665,0.1516,0,216,0.7872,566,24.25,1
73210.21,769,95424.85,276,23.8,0.3618,0.0298,1,6,0.7176,2120,28.37,1
60924.59,468,46236.87,213,22.8,0.6602,0.6415,0,30,0.9777,2922,24.17,0
146445.95,729,43190.27,360,21.0,0.8735,0.7216,0,177,0.0079,1146,27.11,0
39092.04,713,47387.96,117,26.6,0.6244,0.6182,0,177,0.8877,3202,19.81,0
134526.71,386,8512.17,183,11.7,0.7189,0.8799,0,277,0.2839,381,15.84,1
64292.15,463,7225.07,288,17.8,0.2413,0.7742,0,259,0.1104,246,25.41,1
85974.92,426,9534.62,345,28.2,0.4487,0.5724,1,174,0.983,3299,22.63,1
112904.13,846,85227.1,131,10.5,0.2845,0.7848,0,72,0.7144,2129,22.39,1
87138.74,497,83170.06,196,13.6,0.1466,0.4257,0,48,0.0622,3640,4.77,0
30149.45,838,43261.6,298,15.6,0.3948,0.2637,0,217,0.9965,2823,28.0,1
146525.42,466,18712.89,77,14.5,0.4577,0.968,0,271,0.1181,871,14.21,1
40389.16,678,92561.25,72,18.0,0.4086,0.1209,0,21,0.5228,483,11.77,0
59423.81,797,7657.89,85,4.3,0.5896,0.0487,0,146,0.2156,3356,22.45,1
91179.85,369,87690.52,225,14.4,0.3097,0.4524,1,194,0.4752,2950,25.18,1
38007.9,771,77359.48,353,13.5,0.8663,0.3252,0,210,0.3872,1620,10.83,1
107157.7,753,74911.72,342,2.7,0.1656,0.0248,0,159,0.561,508,19.67,1
144171.88,354,95942.82,279,5.7,0.4758,0.8969,1,273,0.1797,78,8.97,1
127859.77,754,13041.55,285,18.2,0.4018,0.045,0,12,0.34,740,13.03,0
61259.72,563,13647.38,62,16.3,0.2854,0.1827,0,79,0.3068,1669,20.68,1
144946.03,485,7581.26,41,8.9,0.0987,0.1425,0,133,0.3755,3391,27.09,1
51150.99,542,51833.05,270,11.6,0.1151,0.0606,0,209,0.0655,119,12.82,0
135200.27,575,57637.15,312,20.3,0.2463,0.5547,0,156,0.5682,1827,3.43,0
46449.4,445,40464.0,98,23.5,0.5375,0.4238,0,232,0.0418,3329,14.47,0
57602.43,471,5051.58,258,8.2,0.2509,0.68,0,109,0.5852,2091,9.16,1
89431.61,371,33560.64,214,21.0,0.8305,0.7251,0,222,0.2109,2068,28.77,1
108673.13,650,65341.14,243,8.2,0.6623,0.3216,0,169,0.0159,2834,4.88,0
99142.28,304,90637.27,356,5.2,0.5558,0.6965,0,202,0.5381,3225,26.42,0
90024.41,755,68863.36,192,29.2,0.3764,0.6013,0,5,0.1248,1518,28.15,0
48797.7,320,77049.99,360,27.6,0.3578,0.09,0,156,0.8084,906,7.79,1
67189.89,587,51819.6,322,6.3,0.1961,0.8211,0,143,0.5691,2024,5.94,1
116045.93,479,11209.26,77,22.4,0.1274,0.9336,0,268,0.7289,1124,6.56,0
148953.68,845,63373.37,360,16.8,0.4539,0.9379,0,27,0.8539,1324,13.54,0
55624.63,830,49325.74,197,15.5,0.0435,0.7212,1,216,0.5324,1296,1.15,1
30635.16,325,99075.14,127,29.3,0.4238,0.0744,1,85,0.3292,258,19.15,1
82395.63,324,61290.42,332,28.1,0.8405,0.2472,0,175,0.8325,3366,10.67,0
142661.19,749,77589.36,332,13.4,0.1248,0.9745,0,194,0.3133,3473,21.11,0
28060.29,752,10204.94,324,18.8,0.0658,0.6776,0,151,0.8499,1646,3.78,0
50304.56,310,48074.07,249,23.9,0.8799,0.6192,1,14,0.4541,1345,18.05,1
21597.52,369,61324.22,111,27.1,0.126,0.5089,1,247,0.7246,1822,6.39,1
25729.2,430,34608.35,235,15.4,0.6517,0.3577,0,278,0.7755,604,14.62,1
57838.31,308,54179.66,348,20.3,0.0573,0.5071,0,28,0.4221,801,29.32,0
46163.96,370,37447.43,353,14.3,0.6918,0.4674,0,297,0.5661,1375,18.87,1
41096.4,765,88230.02,33,14.9,0.92,0.6388,0,239,0.6239,980,14.94,0
125904.85,684,24505.05,106,24.8,0.0067,0.0099,0,285,0.1152,1191,13.77,0
138652.14,668,9170.96,27,6.0,0.2841,0.2189,0,90,0.3398,2272,8.13,1
42890.07,568,91511.65,22,24.9,0.1372,0.6549,0,174,0.9361,1250,14.23,1
68405.53,475,94410.37,331,26.4,0.8784,0.0654,1,67,0.7949,786,16.44,0
61333.71,739,97813.25,137,27.6,0.7631,0.5873,0,151,0.7896,1343,8.17,0
56409.53,429,85892.75,311,26.6,0.2092,0.0814,0,34,0.1674,1590,22.79,0
86190.61,810,54294.77,103,9.7,0.3739,0.6945,0,254,0.4738,2381,12.63,0
95917.74,337,24683.96,115,13.6,0.2344,0.2186,0,194,0.5714,3451,11.85,0
37462.94,386,33029.56,277,10.5,0.584,0.4653,0,219,0.4512,1772,12.86,0
61212.66,691,7348.23,238,7.0,0.6454,0.3591,1,257,0.5128,2637,3.27,1
49606.41,421,11778.12,31,16.4,0.3338,0.6751,1,141,0.1906,2475,29.94,0
117809.84,567,5810.72,165,8.5,0.3466,0.9968,0,297,0.7578,49,14.69,1
118950.87,452,87219.28,128,6.8,0.7491,0.4744,0,283,0.7576,2960,24.62,1
31163.86,492,45735.33,225,6.3,0.45,0.5584,0,296,0.8738,1252,28.36,1
125352.18,663,37283.11,226,12.8,0.7526,0.7628,0,154,0.3261,96,17.46,1
38087.52,638,58978.13,320,27.4,0.5739,0.3909,0,201,0.0637,1583,6.46,1
94036.95,762,65705.31,167,2.8,0.1043,0.5529,1,251,0.0268,816,3.02,0
56896.29,538,32655.03,280,2.1,0.0575,0.5185,1,211,0.3911,454,4.74,0
116608.56,698,95734.19,117,3.9,0.2057,0.4322,0,244,0.1588,2356,28.24,0
85321.75,769,31166.89,15,29.7,0.4457,0.8246,0,127,0.5259,2332,26.5,1
94897.26,393,32351.62,245,10.4,0.8426,0.7923,0,90,0.4151,736,27.1,0
79517.66,487,71359.59,60,11.8,0.9457,0.2397,0,141,0.8826,2203,9.46,0
110745.72,522,91329.96,222,29.8,0.5528,0.9953,1,54,0.5044,3193,10.45,1
52859.66,818,9240.34,25,2.2,0.6945,0.7497,0,205,0.8558,1625,2.1,1
112182.95,439,36075.48,249,14.5,0.0682,0.5484,1,225,0.1403,3361,9.1,1
129004.46,402,21837.48,75,16.0,0.3908,0.0776,0,140,0.1535,1467,6.16,0
136049.4,845,25535.82,36,25.1,0.8115,0.641,0,53,0.3906,1263,13.88,0
26326.41,686,77875.85,139,11.2,0.2385,0.0914,0,8,0.3371,788,20.72,1
144636.88,398,80707.8,352,5.0,0.167,0.4157,1,168,0.3227,2568,6.5,1
90421.34,738,16476.38,121,3.2,0.3234,0.015,0,7,0.3892,1880,7.38,0
56199.49,677,9174.2,123,12.3,0.7675,0.4996,0,275,0.7913,3484,17.51,1
32316.79,632,98234.51,210,20.3,0.9724,0.6937,0,163,0.978,2730,14.98,1
99109.33,759,41325.28,339,22.3,0.5034,0.7046,1,11,0.6163,509,9.96,0
118441.95,381,10692.69,203,15.0,0.202,0.3757,0,122,0.9234,2450,29.67,1
134053.15,437,31422.01,341,23.6,0.0396,0.7918,0,148,0.7506,939,25.56,1
51492.37,355,91130.05,352,29.7,0.8015,0.6963,1,196,0.5215,752,13.83,1
133082.68,371,95597.81,38,19.0,0.1415,0.2042,1,282,0.8312,838,7.85,1
114248.58,618,20595.09,113,7.3,0.1764,0.249,0,230,0.9677,825,8.88,0
30402.08,668,42833.22,97,14.1,0.4227,0.6094,0,80,0.8196,3251,14.98,0
75561.65,385,77091.54,165,17.9,0.1528,0.7266,1,238,0.3058,1161,11.88,0
29352.15,439,72912.02,112,4.6,0.1896,0.0128,0,192,0.4915,1704,28.27,0
68508.84,801,34242.03,313,2.1,0.885,0.9925,1,290,0.1624,3126,13.65,1
138701.18,656,53412.79,262,19.0,0.3682,0.0577,0,218,0.7357,993,14.85,0
66983.86,328,71259.79,342,4.4,0.6054,0.9443,1,127,0.6021,2715,25.4,1
120226.38,693,42778.36,312,29.2,0.0803,0.9099,0,85,0.8297,1036,21.06,1
89316.17,691,60677.58,222,22.6,0.9243,0.8694,1,294,0.7767,1411,24.61,1
47238.32,707,71405.85,15,29.6,0.8164,0.0016,1,214,0.525,2681,9.36,1
42932.17,490,71884.48,113,14.6,0.5026,0.1102,0,109,0.1856,242,22.75,0
44945.03,718,46869.39,331,3.3,0.6364,0.0798,1,64,0.2768,1402,1.86,1
83075.27,403,5903.12,148,22.6,0.0072,0.5824,0,50,0.2111,3244,1.21,0
148296.59,572,93552.2,254,22.7,0.6044,0.3366,0,176,0.9994,3346,7.95,1
71801.28,358,97653.98,181,24.2,0.0031,0.8705,0,72,0.0257,504,26.2,1
110904.4,554,40000.84,328,20.6,0.8699,0.5149,0,2,0.9862,3329,10.34,1
133546.48,633,69403.29,131,18.2,0.4002,0.6126,1,220,0.9391,1951,29.62,1
137676.36,694,32916.98,111,21.4,0.8699,0.8762,0,259,0.0317,2040,24.11,0
107498.08,778,20965.02,240,28.7,0.4822,0.5407,0,88,0.7533,2703,21.3,1
149136.99,329,20222.35,179,27.1,0.7663,0.2204,1,244,0.9515,2747,4.57,1
89490.63,803,13591.97,182,26.2,0.9318,0.7663,0,176,0.377,2939,22.55,0
105009.55,747,81802.51,126,7.8,0.291,0.1114,0,97,0.7446,476,17.61,1
60738.4,689,59807.1,12,9.3,0.5901,0.1899,0,217,0.3196,1496,24.13,0
36419.96,527,15125.66,16,16.1,0.4606,0.1447,0,113,0.4998,1867,5.28,1
117117.79,335,61893.63,170,15.1,0.6886,0.2735,0,294,0.4783,3395,7.26,1
145644.44,360,98208.57,182,4.6,0.7168,0.8481,0,116,0.7004,216,27.77,0
131381.24,701,33414.67,349,27.4,0.1592,0.0216,0,217,0.6779,1427,22.97,1
88619.78,589,31824.59,111,21.0,0.548,0.0973,0,298,0.8659,222,25.64,1
79479.23,467,59829.95,238,20.9,0.2911,0.1448,1,101,0.7353,38,11.5,0
33253.22,451,40772.8,230,20.4,0.1682,0.0563,1,243,0.1796,215,4.4,0
64003.16,744,97124.06,333,21.7,0.245,0.1188,0,155,0.688,707,19.93,1
109933.33,391,78884.43,344,11.5,0.6323,0.4451,1,60,0.0826,2004,19.6,0
49241.56,791,31003.86,60,23.8,0.1811,0.4842,0,223,0.2984,513,3.88,1
138154.47,850,22564.54,22,11.8,0.8175,0.7835,0,33,0.5189,2396,16.63,0
104721.09,512,96739.7,72,5.4,0.5991,0.1799,0,161,0.123,528,17.68,0
31416.72,562,85887.76,29,2.5,0.1247,0.2986,0,88,0.4231,2696,1.0,1
143007.9,831,90938.85,162,19.8,0.4449,0.5771,0,268,0.9108,1443,18.58,1
109430.94,345,27524.53,108,4.3,0.8561,0.2152,1,283,0.216,1471,9.04,0
74861.95,561,29764.07,344,27.1,0.4001,0.0833,1,218,0.9402,587,16.54,1
115247.74,497,72872.27,300,19.7,0.8205,0.6049,0,79,0.3164,3227,13.58,1
98468.94,379,30661.9,284,3.3,0.5484,0.066,0,186,0.9092,3187,8.92,0
49349.51,310,14304.95,125,11.4,0.105,0.9256,1,157,0.5888,3305,15.2,1
111059.22,588,57396.51,323,3.0,0.048,0.318,0,93,0.3452,3037,20.66,0
91717.32,712,50301.88,77,7.8,0.6867,0.7132,0,74,0.3788,3013,8.75,0
103095.15,679,72212.73,139,20.3,0.4182,0.4578,0,182,0.7985,2058,9.32,0
87677.31,534,33992.81,56,28.4,0.4065,0.3127,1,41,0.0767,984,28.4,1
27463.5,592,57645.18,264,24.3,0.0107,0.9484,0,70,0.4797,2110,20.87,0
89213.21,427,43519.79,327,5.7,0.8314,0.0073,0,274,0.7497,1001,29.83,1
139659.66,840,69987.42,33,18.2,0.9646,0.6745,0,269,0.9038,717,3.18,0
86778.98,352,45158.62,206,5.1,0.9697,0.338,0,277,0.8508,3514,4.42,1
58160.86,518,5212.26,335,17.1,0.2175,0.3048,0,264,0.8257,146,28.13,0
130285.73,358,38795.69,327,13.8,0.2984,0.1072,0,96,0.4021,37,3.94,0
31016.69,826,90358.45,222,3.7,0.4874,0.1556,0,116,0.4707,1534,9.68,1
43683.67,575,15326.02,236,19.7,0.4394,0.1399,0,3,0.3592,3566,21.57,1
57036.97,436,42481.87,181,27.0,0.1603,0.199,0,137,0.1188,2004,16.95,0
112861.72,632,76353.54,216,15.1,0.9236,0.8431,0,57,0.9577,3247,1.61,1
85000.12,542,9943.78,187,12.9,0.5971,0.008,0,145,0.4859,3117,13.44,0
114802.31,491,28699.34,70,25.9,0.9943,0.2474,0,102,0.4739,3207,24.49,0
85303.41,485,22923.55,314,18.9,0.1487,0.1205,0,141,0.9904,599,13.36,1
31821.61,352,41133.5,280,9.2,0.6333,0.2314,1,246,0.0613,1750,19.67,0
55001.99,587,94584.88,226,7.4,0.8951,0.1818,1,165,0.212,1934,9.12,0
76017.98,558,95091.18,198,10.0,0.1115,0.6689,0,67,0.3312,3037,24.49,0
96558.44,680,27633.96,153,6.3,0.384,0.8872,1,62,0.041,3622,19.98,1
111605.81,401,12113.56,291,18.6,0.3015,0.4742,0,274,0.7208,180,4.71,1
112508.41,655,90016.74,241,18.9,0.1174,0.4361,0,269,0.9313,2064,23.94,1
55639.32,432,32517.35,301,1.8,0.9725,0.1902,0,254,0.6847,3565,15.89,1
76906.84,821,41494.29,211,12.0,0.2715,0.1841,0,112,0.5921,37,26.5,0
79207.33,837,29589.29,124,8.9,0.2685,0.1191,0,274,0.2382,161,19.55,0
56108.35,436,30691.31,38,19.3,0.249,0.8234,0,1,0.6486,2592,18.55,1
30822.0,570,73597.56,221,27.0,0.2949,0.9853,0,6,0.8239,899,22.18,1
53278.34,316,56051.93,310,3.2,0.7458,0.382,0,283,0.2062,1812,7.4,1
95616.29,704,19785.94,130,21.9,0.4339,0.1483,0,254,0.1815,758,24.65,1
94055.54,484,66518.61,22,9.3,0.8853,0.8175,0,97,0.0695,296,13.37,0
103865.44,712,14522.21,281,4.1,0.7504,0.0118,1,197,0.0207,3386,1.39,0
141508.11,435,28592.58,54,8.0,0.9386,0.5996,0,5,0.9576,436,16.73,0
130853.63,387,24220.56,257,22.8,0.8924,0.8155,0,246,0.1545,229,16.76,1
90669.68,321,83367.87,64,16.3,0.1026,0.8865,0,1,0.9122,99,7.57,1
65930.29,593,26459.02,208,20.6,0.7149,0.9016,0,57,0.2245,1155,11.36,0
35385.63,386,90080.72,321,4.5,0.4286,0.3348,1,218,0.1502,2734,20.93,0
57310.72,406,30753.86,267,19.9,0.9329,0.8107,0,40,0.7889,3530,28.06,1
105261.04,627,19039.12,240,21.6,0.7855,0.4784,1,296,0.4275,2977,9.08,1
149320.32,486,77915.86,192,9.6,0.4238,0.6934,0,171,0.1382,2679,27.73,0
91414.1,846,51797.13,286,24.6,0.3846,0.581,0,296,0.7766,3324,22.7,1
50575.1,302,24311.57,20,10.9,0.4739,0.1336,1,179,0.3609,3479,26.14,0
58310.65,447,84348.97,294,29.2,0.913,0.2425,0,29,0.747,481,28.9,1
69069.9,326,71131.64,229,11.2,0.7014,0.6627,1,81,0.0302,1497,5.1,0
21622.1,726,19223.14,105,14.1,0.1401,0.5275,0,241,0.4115,1382,13.88,0
21717.22,413,19809.3,340,1.0,0.7511,0.5033,1,217,0.6799,3588,14.17,0
53547.07,813,34073.23,128,12.7,0.1568,0.9731,0,65,0.7431,1641,18.95,1
43880.19,379,82573.09,251,14.3,0.6527,0.4051,1,28,0.8033,2649,13.3,1
33572.01,671,62303.07,183,0.8,0.2822,0.5416,1,6,0.7565,1267,6.44,1
140796.25,546,30570.96,303,16.9,0.5637,0.7902,1,162,0.0932,1265,1.25,0
56712.28,707,52520.53,173,22.6,0.7257,0.9739,0,50,0.3313,3037,15.6,0
120757.82,324,60781.67,207,14.3,0.8688,0.0374,1,238,0.0788,2564,3.71,0
134972.27,444,78038.44,94,29.8,0.5016,0.9923,0,268,0.9302,1399,13.98,1
57809.41,741,8801.23,210,7.2,0.997,0.6069,0,291,0.6278,2038,3.82,1
119621.25,616,56977.92,56,15.0,0.4548,0.1697,0,35,0.2801,1489,11.25,1
112385.15,771,29504.69,254,29.4,0.7631,0.442,0,64,0.9717,2000,2.15,0
72122.1,432,46878.63,274,25.3,0.952,0.3737,0,260,0.4501,3594,26.39,0
100679.78,358,75399.04,137,21.0,0.5608,0.1546,1,193,0.1582,1636,25.76,1
133640.66,395,38149.11,251,19.3,0.9001,0.4649,1,56,0.9175,1626,23.28,1
62733.68,624,37530.24,321,14.6,0.7023,0.4762,0,20,0.5451,1925,5.22,1
93866.85,689,10928.02,197,23.7,0.9786,0.2134,0,12,0.9526,2801,13.26,1
42893.73,445,11579.61,219,2.5,0.8738,0.4514,0,110,0.6696,1063,6.34,1
136344.36,738,37491.82,164,4.9,0.3493,0.4191,0,83,0.9656,1790,11.29,1
70587.94,310,58286.3,317,6.0,0.7227,0.5785,1,163,0.0142,1879,28.08,0
61133.02,716,29966.26,13,29.6,0.9433,0.8573,0,297,0.0974,896,22.63,1
110537.99,470,62089.62,122,10.4,0.9524,0.9717,0,8,0.3703,1491,1.47,0
85271.08,427,71435.13,344,30.0,0.4141,0.3517,0,219,0.5232,3134,10.74,0
79647.06,682,21805.04,316,4.9,0.4359,0.285,0,224,0.6341,2876,18.99,0
131409.64,389,81564.28,65,2.7,0.0164,0.9325,1,279,0.0997,1820,15.6,0
106802.32,730,25127.76,244,16.5,0.1145,0.8563,0,180,0.9676,1901,12.98,0
111498.54,705,5722.49,203,23.5,0.5076,0.2676,0,158,0.8385,3257,27.37,1
20540.48,724,8104.09,25,4.6,0.3744,0.8167,0,163,0.3351,2344,29.79,1
146553.74,497,63545.45,213,24.9,0.8013,0.5779,1,200,0.9774,712,12.69,1
40597.68,536,14459.9,76,15.1,0.6314,0.7843,0,134,0.8373,652,28.51,1
32124.5,747,6096.12,315,4.6,0.6181,0.5437,0,293,0.3824,3041,22.29,0
102480.21,666,22722.74,346,26.9,0.2969,0.5354,0,194,0.7704,2701,2.5,1
38690.04,323,65646.72,308,26.0,0.1109,0.9272,1,73,0.2825,740,3.69,0
66981.65,512,42126.02,263,23.9,0.4137,0.4865,0,108,0.6873,1538,26.8,1
78614.21,464,22081.61,17,27.1,0.6597,0.6312,0,61,0.9759,1421,15.03,1
91042.76,462,54566.11,142,27.8,0.1928,0.0296,1,263,0.761,886,26.14,1
48204.51,635,18163.68,54,21.8,0.9398,0.2676,0,48,0.3486,2259,19.91,0
125171.53,746,53702.37,216,27.7,0.2501,0.1979,0,144,0.9619,422,17.93,1
60506.07,510,95607.4,261,13.0,0.4462,0.5963,1,164,0.6229,2488,12.11,1
65879.02,365,47693.32,29,28.7,0.2531,0.4098,0,272,0.3523,123,4.32,0
75820.28,490,38985.73,49,6.5,0.3717,0.145,0,5,0.3186,45,21.79,1
93771.0,629,90380.68,299,2.0,0.2836,0.2122,0,288,0.278,2490,28.44,0
107274.85,731,69802.53,234,9.5,0.3201,0.1971,0,256,0.0468,1125,13.22,1
42248.16,634,61161.25,133,17.3,0.285,0.6437,0,3,0.9116,1165,4.8,0
24811.07,846,92213.28,32,10.1,0.0163,0.4699,0,213,0.7233,1126,10.2,1
30369.74,620,51912.77,36,11.8,0.6965,0.4546,0,63,0.8431,2532,3.98,1
127309.35,442,14987.89,177,25.8,0.7243,0.2263,1,189,0.8161,2202,29.7,0
132841.93,565,88915.34,34,3.3,0.9471,0.075,0,195,0.2699,698,27.82,0
35587.18,626,86880.02,311,26.6,0.9658,0.4133,0,63,0.5218,986,17.76,0
146925.43,629,78401.18,259,6.8,0.2638,0.2962,1,286,0.8355,993,20.12,1
46765.86,379,12138.72,265,1.8,0.0131,0.2161,0,97,0.4876,1395,7.05,0
88593.8,620,77246.36,171,21.3,0.6553,0.8478,1,67,0.2188,1490,12.18,0
100662.15,507,79102.0,108,2.1,0.4231,0.6863,0,296,0.6484,604,14.37,1
34325.89,316,89939.32,107,8.0,0.4762,0.5309,1,61,0.9269,345,11.28,1
71600.64,741,53253.05,39,13.2,0.3698,0.0491,0,217,0.1939,776,12.68,0
88843.16,805,54268.75,67,20.4,0.6463,0.959,0,28,0.8951,2357,8.72,1
33134.16,531,88847.03,219,11.8,0.1013,0.7339,0,138,0.4952,701,23.79,1
57439.03,594,74718.82,60,5.6,0.9078,0.6221,0,123,0.1702,2792,3.01,1
136983.0,445,96413.09,353,14.2,0.3341,0.1775,0,40,0.1707,3115,25.74,0
146040.4,301,51389.2,138,14.2,0.0452,0.0174,0,149,0.8354,2152,15.59,0
120783.35,402,33937.22,183,13.6,0.7348,0.9898,1,250,0.2535,1880,1.39,0
112320.43,830,78580.0,317,14.5,0.2699,0.5193,0,76,0.9786,3508,7.39,0
66435.27,331,28214.94,232,10.8,0.7444,0.1938,0,56,0.9655,3593,19.18,1
138610.76,839,21620.46,359,10.5,0.3312,0.5891,0,142,0.3093,169,17.81,0
128442.3,425,46178.66,244,17.0,0.7925,0.347,1,5,0.4989,2808,5.27,0
88014.2,596,64260.54,352,4.9,0.4868,0.0646,0,233,0.041,1160,24.94,1
83487.64,305,45880.67,350,25.0,0.0499,0.1377,0,258,0.6653,3150,17.26,0
112715.62,446,99611.85,112,13.0,0.9183,0.2908,1,182,0.2487,2780,19.47,0
145697.89,400,89838.2,166,17.9,0.1733,0.4358,0,297,0.1392,3145,6.79,1
92056.89,608,33974.63,164,17.0,0.6283,0.5458,0,224,0.096,2157,13.82,0
141534.38,666,49495.99,230,14.0,0.9614,0.4613,0,14,0.9575,1725,3.56,1
137890.34,548,60130.63,203,3.8,0.5433,0.5656,0,202,0.1259,2745,1.17,0
133738.41,771,84723.81,55,1.6,0.8299,0.6499,0,50,0.8219,2317,14.96,1
27912.42,823,75239.53,39,21.0,0.5163,0.562,0,70,0.2235,2768,19.55,1
101671.13,306,81533.6,331,20.6,0.1147,0.0,0,62,0.5198,1013,6.92,0
128254.44,754,42117.82,74,9.0,0.4837,0.184,0,280,0.2603,2510,20.76,0
100230.61,742,18893.41,23,5.5,0.8186,0.6575,0,280,0.2004,1968,9.41,0
144681.88,804,39897.24,152,11.7,0.6977,0.1073,0,218,0.1482,1161,14.26,0
21432.55,610,8237.94,345,26.8,0.6199,0.0426,0,72,0.4679,2962,14.29,1
40580.89,812,86304.76,269,6.3,0.9026,0.5251,0,90,0.6559,1442,20.02,1
79732.63,443,31442.31,349,9.1,0.3939,0.9162,0,193,0.9626,2482,20.11,1
140563.59,838,29626.47,177,17.7,0.5807,0.5845,0,35,0.0449,3490,22.25,1
106483.93,811,93752.22,255,9.7,0.2315,0.7717,0,122,0.1054,3608,6.05,0
118255.8,730,92625.7,43,18.4,0.1145,0.8468,1,192,0.6065,3444,1.85,1
33995.93,760,40874.75,338,17.2,0.1997,0.2525,0,147,0.2255,3040,5.7,0
125127.39,496,13171.74,24,18.9,0.6687,0.2035,0,3,0.3596,1672,17.48,0
64292.47,840,52136.67,118,17.1,0.4737,0.3521,0,287,0.8534,3284,2.95,1
68895.37,372,59069.48,77,23.5,0.2982,0.1179,1,277,0.3309,918,24.82,1
127659.31,699,71810.96,46,26.2,0.1579,0.2881,0,124,0.8532,2504,15.5,1
27364.27,413,60363.39,146,19.6,0.0323,0.4214,1,31,0.1393,2241,24.69,1
118454.82,363,27383.63,49,24.2,0.5639,0.61,0,19,0.3458,290,28.55,0
99616.24,382,89314.27,257,28.4,0.2705,0.0417,1,260,0.2252,1435,13.51,1
130478.36,533,7037.11,40,0.8,0.7818,0.1962,0,195,0.6819,3023,1.52,1
70326.22,686,71066.85,232,21.0,0.5495,0.1156,1,189,0.3518,1406,13.66,1
50164.35,310,26576.96,286,17.0,0.9909,0.0149,0,30,0.0766,520,13.72,0
60836.36,550,99818.44,78,18.2,0.4787,0.1224,1,129,0.9384,844,15.35,1
66404.58,525,47136.47,166,28.2,0.7802,0.2927,0,270,0.893,1307,21.24,1
27019.68,720,72022.66,330,14.6,0.0784,0.912,0,267,0.2305,3039,17.04,1
114238.4,445,8407.43,132,21.0,0.6499,0.4538,1,256,0.8363,1108,9.06,1
127533.25,386,10673.4,324,11.5,0.0188,0.3826,0,115,0.2057,756,20.14,0
105852.32,332,56447.17,190,28.1,0.9101,0.7545,1,135,0.8102,2421,7.28,1
114352.22,744,87245.52,41,24.2,0.5533,0.9525,0,148,0.8585,2191,14.44,1
93879.4,831,29709.57,207,14.0,0.9926,0.2382,0,144,0.7996,1124,3.48,1
90564.59,645,59252.85,31,18.5,0.3617,0.6592,0,7,0.1243,2329,20.16,0
130187.05,754,48958.81,237,0.3,0.037,0.3587,0,285,0.2178,240,17.81,1
136615.76,621,95562.86,237,5.4,0.766,0.2761,0,66,0.2274,715,5.26,0
26445.36,417,67187.08,106,20.5,0.8606,0.5799,1,117,0.0608,2927,29.77,0
22095.36,661,56341.93,34,18.0,0.3497,0.0775,0,262,0.0775,836,10.45,0
126950.08,725,11782.35,230,26.3,0.1431,0.3265,0,172,0.9751,2671,11.87,0
58228.19,331,20229.72,34,8.7,0.1501,0.5912,1,109,0.808,2093,21.76,0
121850.73,652,94294.28,205,24.9,0.0326,0.7263,0,41,0.9552,920,17.4,0
101942.17,728,56201.9,74,25.4,0.5278,0.0514,0,269,0.5203,1299,8.81,0
58098.49,549,36225.03,197,6.9,0.3148,0.9724,0,228,0.7328,3606,12.89,1
92859.43,378,91890.37,346,14.5,0.2303,0.7863,1,65,0.9257,1004,23.52,1
96018.19,441,62526.84,158,10.2,0.118,0.4085,0,76,0.576,2592,26.56,1
43389.04,764,6473.66,73,12.6,0.7655,0.7114,0,52,0.1264,140,25.18,1
41701.63,374,17575.89,283,27.6,0.9043,0.3544,1,286,0.2414,1202,4.45,0
136786.01,410,99442.74,35,2.2,0.9207,0.9499,0,231,0.7407,1785,9.39,1
37498.72,487,73752.21,313,27.5,0.9366,0.0838,0,190,0.6739,1858,12.0,1
86126.73,586,94752.97,61,7.0,0.4933,0.0483,0,269,0.5798,3458,27.91,1
69928.81,482,95583.8,33,24.4,0.7346,0.9892,1,266,0.2783,3603,18.85,1
57022.82,421,32345.1,261,13.2,0.8853,0.2885,0,55,0.9245,2730,9.08,1
91781.25,820,76712.15,26,18.0,0.0397,0.8906,0,100,0.0067,3410,24.85,0
56638.88,736,74548.49,278,3.8,0.4538,0.918,0,62,0.4444,1771,15.3,1
37786.34,585,74505.21,71,29.1,0.8036,0.7443,1,39,0.3271,2077,10.72,0
115617.83,375,72146.93,173,26.8,0.0384,0.1004,0,267,0.3175,3447,17.19,0
101390.5,308,28361.8,312,11.3,0.9432,0.6733,1,78,0.4845,767,22.27,1
45814.49,390,95329.11,121,0.1,0.0673,0.5577,1,92,0.0388,2818,8.63,0
95906.86,657,51002.14,348,28.6,0.8779,0.8407,0,249,0.4902,2581,12.37,1
82524.68,398,25798.4,159,12.6,0.4472,0.2474,0,91,0.4647,1307,20.16,1
71751.61,431,78499.77,259,25.2,0.864,0.6011,0,15,0.2909,2079,7.24,0
73170.76,630,29852.5,174,12.3,0.809,0.4252,0,28,0.2683,2983,7.35,0
25931.71,758,43932.1,305,26.3,0.536,0.7796,1,169,0.1292,2211,1.58,0
124313.67,392,79141.18,182,27.4,0.7668,0.5529,0,266,0.2105,2194,6.75,1
89640.85,534,32567.81,94,27.3,0.3315,0.2156,0,7,0.0361,83,22.9,0
85194.91,796,9017.09,156,9.0,0.23,0.7724,0,140,0.7499,3331,23.74,1
37055.11,576,86888.45,51,2.2,0.7221,0.7624,0,8,0.7427,2219,18.54,1
115663.54,700,23456.99,322,25.8,0.7848,0.4252,0,155,0.274,831,3.89,0
94906.15,685,32667.67,59,6.7,0.4063,0.2786,0,274,0.5066,1567,1.5,0
71173.87,681,77456.54,67,13.6,0.5779,0.0249,0,229,0.3698,2307,4.16,1
38690.26,385,14061.96,98,6.2,0.9421,0.5934,1,207,0.6165,1940,16.18,0
118875.61,360,77903.81,141,12.4,0.7405,0.8343,1,290,0.5987,3570,1.16,0
118154.93,800,56830.93,172,28.8,0.2357,0.4614,0,285,0.8587,3003,3.36,1
110903.22,684,17091.84,18,4.9,0.7481,0.1662,0,59,0.0391,1738,15.36,0
88196.58,443,76154.38,292,12.5,0.0093,0.1176,0,139,0.5225,2520,26.8,1
41572.94,597,54708.87,116,24.1,0.952,0.3713,0,242,0.4629,1353,27.89,0
130811.5,438,20602.63,254,0.3,0.4163,0.1503,1,3,0.3118,769,6.78,1
79617.17,396,10805.24,251,17.8,0.0668,0.6363,0,177,0.6288,790,8.96,0
132852.11,613,39891.11,218,28.0,0.5611,0.6416,0,79,0.103,887,9.12,0
33301.88,834,60795.12,208,9.9,0.772,0.5922,0,243,0.2093,11,23.72,0
31873.97,450,18616.67,255,26.2,0.3233,0.896,1,262,0.8072,1743,20.28,1
85048.76,420,27873.42,213,11.3,0.3855,0.4745,1,268,0.317,321,26.62,0
144196.82,584,72578.03,235,16.8,0.4901,0.789,0,286,0.8998,2671,11.1,1
67539.33,777,78220.75,189,21.9,0.2138,0.5598,0,98,0.3825,734,28.06,0
45458.69,669,54970.25,14,17.6,0.3285,0.911,0,258,0.9216,2486,8.92,1
103417.63,707,9172.15,141,8.2,0.0572,0.5722,1,242,0.9972,2590,14.18,1
117491.68,406,8628.39,26,18.4,0.7133,0.7056,1,68,0.0828,3417,25.53,1
102872.16,363,34852.47,290,8.3,0.8526,0.6551,0,171,0.8373,3475,27.09,0
41997.76,675,54052.34,352,12.1,0.8377,0.6696,1,257,0.1475,1093,3.44,0
55818.31,503,70428.09,221,5.2,0.7468,0.8379,1,141,0.5606,483,10.9,0
110517.98,774,13375.39,58,5.5,0.0864,0.3175,0,11,0.7667,3231,1.3,0
79845.38,552,34239.32,360,19.3,0.9015,0.1911,0,68,0.3105,1554,21.47,1
38255.39,623,44328.36,108,8.2,0.1992,0.9793,1,226,0.2645,2007,11.3,0
120408.17,835,47718.95,335,20.6,0.1705,0.9497,0,80,0.5379,863,29.82,1
103981.04,595,24707.46,269,16.5,0.7431,0.269,0,108,0.2582,1916,8.56,0
87213.88,490,50144.93,251,17.6,0.3723,0.3779,0,18,0.3224,429,19.25,0
21026.78,731,50172.11,184,19.4,0.1002,0.9131,0,240,0.5468,3081,1.63,0
79337.94,745,74440.71,254,25.0,0.2526,0.3732,0,206,0.3002,3594,7.79,0
140495.23,410,44993.67,149,28.6,0.4008,0.0286,0,154,0.8866,2858,28.34,1
146415.61,442,17339.63,182,23.7,0.0538,0.0904,0,73,0.8015,1879,12.48,1
105619.12,505,88880.7,166,9.2,0.1846,0.8578,0,126,0.1541,2275,25.52,0
82054.73,652,14491.78,293,20.6,0.6988,0.9128,0,238,0.7062,3126,27.59,1
61386.37,436,42988.94,179,26.9,0.8198,0.7304,0,202,0.5341,1421,15.16,0
96235.76,527,89130.87,103,23.0,0.3691,0.3399,0,204,0.9146,2645,7.67,1
25752.23,609,46363.06,185,11.5,0.1799,0.1507,0,247,0.0348,1728,6.21,0
87255.31,408,49167.66,54,10.4,0.7327,0.6559,0,7,0.1609,528,17.67,0
79109.97,797,67112.64,355,12.1,0.7714,0.303,0,60,0.6036,3287,27.34,1
121530.46,643,85196.0,198,3.4,0.1788,0.4241,0,41,0.1504,1381,28.5,0
53518.75,827,82219.34,244,13.0,0.4648,0.0398,0,236,0.3671,3643,18.38,1
75341.33,603,77849.21,24,16.3,0.1787,0.3569,1,167,0.2977,146,18.28,1
24759.61,705,28619.54,55,16.0,0.1261,0.1446,0,141,0.3454,1877,20.98,1
127324.28,836,59061.49,32,2.3,0.3728,0.1468,0,52,0.3819,2972,3.28,0
117404.71,732,43070.26,106,28.5,0.2569,0.6529,0,222,0.9652,3251,6.56,1
59416.18,826,56219.97,136,20.8,0.0488,0.5733,0,224,0.2748,2822,23.57,1
107287.15,708,91425.91,359,8.5,0.0051,0.2071,0,67,0.2748,1895,18.37,0
61360.72,526,26358.35,178,6.6,0.6114,0.7282,0,236,0.5879,2601,18.26,1
81828.38,312,37580.32,175,10.4,0.4444,0.4619,0,108,0.5322,697,20.52,1
24194.65,380,64981.49,299,29.5,0.0831,0.748,0,156,0.2918,1292,14.09,0
40267.06,470,64305.19,301,12.9,0.9958,0.0234,0,285,0.7441,962,11.88,1
69195.75,426,14213.08,123,6.3,0.1106,0.2893,0,206,0.5501,1442,22.79,1
97902.31,627,78197.47,334,3.2,0.8848,0.9602,0,163,0.5023,2182,12.37,0
84328.32,775,32196.93,242,4.7,0.8733,0.4001,1,172,0.7629,2688,6.0,0
69835.95,728,97553.5,222,5.7,0.029,0.2242,0,258,0.9989,2456,17.55,1
22968.37,555,20813.59,332,14.2,0.091,0.3703,0,200,0.5521,3537,6.6,0
79509.96,545,21645.04,114,9.7,0.293,0.8944,1,237,0.4592,2801,18.49,0
123577.96,772,52520.42,68,24.1,0.8379,0.8721,0,126,0.4622,287,1.2,1
107993.41,832,99575.78,209,2.1,0.4171,0.26,0,62,0.7158,2487,19.77,1
23083.62,792,83636.61,42,8.8,0.3984,0.8223,0,187,0.3994,2096,19.25,1
122365.06,406,18868.46,146,22.7,0.5798,0.7916,0,188,0.4129,1392,5.12,1
82736.83,570,14226.94,340,20.8,0.4582,0.7091,0,134,0.3424,2823,13.9,0
110943.02,581,61470.67,83,4.4,0.2884,0.221,0,186,0.7138,1257,28.4,1
102406.3,786,72742.49,356,8.8,0.7437,0.6951,0,150,0.8591,1054,19.47,1
47516.07,610,19094.52,18,7.8,0.7211,0.7455,0,208,0.477,698,29.2,0
96327.61,813,34858.14,203,11.3,0.9261,0.6484,0,247,0.1754,1556,1.41,0
64507.71,616,24610.78,88,8.3,0.778,0.7893,0,183,0.4988,2333,27.47,0
129197.03,836,90322.79,115,10.9,0.0328,0.6264,0,260,0.0672,2267,28.89,0
89904.78,381,97191.54,40,13.4,0.5229,0.2447,0,94,0.6897,2666,25.87,1
113259.44,481,8822.12,323,8.0,0.2775,0.7431,0,33,0.9061,543,16.15,1
49586.21,788,49105.77,286,26.4,0.0511,0.79,1,245,0.1164,342,14.81,1
96618.86,798,33496.29,16,17.5,0.8611,0.1115,0,100,0.5889,2601,18.82,1
20064.37,716,62128.64,264,18.9,0.3286,0.4833,0,154,0.2642,2180,8.22,1
92964.36,616,64462.56,69,29.3,0.9457,0.4876,0,261,0.4705,669,6.19,0
107486.9,396,92903.06,238,10.3,0.687,0.8226,1,56,0.7629,874,9.91,1
119634.67,783,14777.13,165,27.8,0.2103,0.6719,0,99,0.7664,3219,5.98,1
106136.8,633,95887.16,254,19.6,0.7887,0.7798,0,135,0.472,3508,25.2,1
59810.21,662,83776.97,173,13.5,0.4253,0.3935,0,207,0.0553,1675,11.25,0
146748.15,580,6850.56,115,6.3,0.7167,0.2948,0,165,0.4275,1567,10.44,0
45928.78,520,63667.8,237,25.7,0.1068,0.2431,1,246,0.9415,2429,14.63,0
25979.99,699,70341.09,261,7.5,0.9869,0.5861,1,29,0.6396,1131,16.6,1
56950.59,783,17757.05,49,9.7,0.7752,0.4138,1,78,0.5898,2352,6.8,1
51879.47,566,57884.07,161,20.7,0.1405,0.7699,0,161,0.9572,1480,27.25,1
134996.08,488,35520.38,128,13.8,0.333,0.6777,0,131,0.6036,95,5.07,0
75553.02,798,80819.21,282,1.8,0.9896,0.3735,0,17,0.9598,3577,24.15,1
83961.23,641,65265.52,50,17.0,0.9742,0.7806,0,263,0.8463,360,17.64,1
104522.62,495,76431.2,232,24.5,0.4657,0.8894,0,78,0.6504,300,6.27,0
79026.12,742,89492.71,217,17.2,0.0064,0.8282,1,116,0.3224,617,8.51,1
107689.98,634,55574.61,346,20.0,0.7699,0.5744,0,296,0.1526,3167,5.3,0
33116.54,846,62182.54,32,23.4,0.5401,0.9547,0,162,0.9285,2696,7.06,1
75156.87,577,27132.99,123,23.2,0.0273,0.8776,0,64,0.8342,1537,1.74,0
131044.45,513,41139.57,240,13.2,0.1986,0.771,0,64,0.0929,718,15.69,0
87144.5,466,76877.6,73,28.2,0.7406,0.3584,0,213,0.191,372,24.19,1
53186.99,414,94765.2,20,0.2,0.8034,0.4003,0,182,0.3604,1270,25.26,1
130215.06,607,26789.09,55,19.5,0.8102,0.8759,1,141,0.7296,1325,2.32,0
43056.59,309,17155.09,91,4.2,0.4698,0.039,0,108,0.8663,2708,9.5,1
127022.59,729,21379.9,277,29.0,0.742,0.8103,0,57,0.7866,123,15.43,1
101290.62,571,64081.79,26,23.5,0.3316,0.8888,1,74,0.9136,191,16.64,0
113927.95,473,20026.39,19,10.5,0.2227,0.4199,1,244,0.4644,1701,25.83,1
37472.7,300,34585.93,252,27.0,0.2569,0.3229,0,50,0.4778,3067,25.1,0
36358.29,827,17331.72,85,6.8,0.0822,0.0948,0,54,0.2498,1027,6.35,0
62721.35,773,68493.85,278,15.5,0.9876,0.2667,0,168,0.422,2709,5.21,0
130597.29,694,65028.62,113,29.4,0.0143,0.6346,0,122,0.1619,1322,1.34,0
131498.46,492,64727.73,307,12.2,0.9927,0.4532,0,226,0.1178,1145,20.01,0
63855.54,490,29252.02,261,23.2,0.4563,0.0965,0,266,0.2629,3203,11.6,0
145417.96,429,13985.43,246,24.9,0.1203,0.7127,1,178,0.307,1787,17.05,0
145618.03,816,22348.18,273,5.8,0.84,0.2219,1,182,0.5256,3195,5.4,0
88255.88,845,39452.33,129,20.8,0.9972,0.1668,0,85,0.6349,3519,18.93,0
117643.54,455,56378.05,324,12.7,0.2022,0.0489,0,206,0.2965,2138,29.19,0
80840.54,439,73547.03,165,0.0,0.2513,0.5558,1,35,0.0592,1681,5.07,0
40832.88,548,42167.64,93,19.4,0.391,0.1934,0,37,0.2263,1132,5.07,0
114377.26,455,24553.95,84,20.2,0.7606,0.0108,1,160,0.5242,3161,19.23,1
105854.79,605,83112.84,289,22.3,0.4544,0.0704,0,175,0.8752,168,12.06,0
34668.88,777,45461.5,98,26.3,0.6914,0.7945,0,116,0.5228,363,29.93,1
97876.11,671,27922.8,352,14.8,0.7016,0.4325,1,54,0.8652,1148,25.43,1
137615.08,820,36238.82,353,25.1,0.9831,0.0831,0,249,0.2427,2028,7.42,0
54548.04,799,58263.72,301,11.3,0.519,0.9252,0,56,0.5903,3251,19.64,1
32338.76,544,39266.58,356,21.3,0.6038,0.8153,0,21,0.3473,3229,13.77,0
132243.46,338,94318.72,333,22.3,0.4318,0.9081,1,93,0.0241,1348,3.87,0
124246.38,767,85695.86,141,10.8,0.683,0.3524,0,142,0.446,196,10.41,0
102524.95,464,24891.2,292,19.4,0.7407,0.7533,0,89,0.8447,3509,3.58,1
89970.52,533,35070.74,168,3.0,0.7219,0.6395,0,255,0.6395,3099,12.1,1
111961.49,659,37015.12,236,26.9,0.7548,0.9593,0,58,0.1898,1272,27.36,0
92863.09,482,42807.27,50,6.0,0.0905,0.598,0,208,0.8522,598,21.76,1
71578.38,694,14844.47,162,18.4,0.9707,0.3238,0,21,0.2459,635,20.36,1
84284.08,524,28308.42,127,13.2,0.8115,0.1454,0,11,0.8575,1980,25.3,1
91659.4,496,44170.74,277,17.4,0.6273,0.8886,0,134,0.7067,1491,24.3,1
68129.71,540,35414.7,194,2.3,0.6932,0.3217,0,127,0.7956,2372,4.73,0
121948.42,819,72293.62,286,9.4,0.8073,0.6041,0,284,0.8211,918,14.49,1
26916.19,748,52227.63,235,1.9,0.9958,0.0221,0,30,0.8958,1953,26.16,1
108660.91,366,95699.75,153,17.1,0.9474,0.7278,0,252,0.4308,3131,28.34,0
47976.54,762,34433.4,357,9.1,0.2326,0.7984,0,209,0.1442,2211,29.43,0
132155.43,354,72650.8,195,17.6,0.7746,0.071,1,212,0.7304,3001,6.64,0
120585.45,483,84395.24,27,19.5,0.495,0.1195,1,207,0.574,2808,12.24,1
110533.96,441,85490.23,105,2.9,0.3552,0.7073,0,256,0.0907,1068,12.64,1
148132.68,383,37273.42,60,15.7,0.0204,0.6062,0,31,0.6827,392,5.89,0
88785.73,304,36051.67,168,0.8,0.9051,0.5634,0,89,0.1885,2544,15.45,0
146850.67,399,87849.22,91,18.0,0.574,0.8914,0,91,0.5073,3336,24.75,1
25040.66,850,89382.19,73,24.2,0.3117,0.2914,0,93,0.5901,686,27.11,1
98455.44,645,94092.73,349,16.4,0.3888,0.4479,1,284,0.0655,1009,11.61,0
126286.12,492,80435.13,33,10.7,0.9166,0.9211,0,51,0.8478,373,20.24,1
88553.87,844,54558.92,291,19.3,0.2826,0.1355,0,150,0.9442,1747,12.72,1
83760.49,803,14910.26,299,14.5,0.3888,0.4976,0,148,0.7708,2863,2.6,0
44450.26,391,34176.38,312,22.4,0.5713,0.1734,1,25,0.5343,194,29.04,1
65729.53,850,9981.35,234,22.2,0.524,0.1783,0,23,0.9107,405,14.26,1
48803.73,627,11931.53,116,14.9,0.5711,0.613,1,196,0.206,2824,4.37,0
137571.45,638,98518.19,211,24.8,0.3718,0.8378,1,73,0.5988,2547,20.39,0
74969.28,617,24463.25,346,22.1,0.2726,0.6903,0,212,0.3771,3452,27.13,0
83468.14,310,64521.02,214,1.3,0.7671,0.1289,0,37,0.6376,473,5.61,0
28645.04,849,36100.96,143,28.7,0.715,0.695,0,147,0.2847,2336,8.58,0
71337.81,506,95269.86,296,25.4,0.2008,0.5182,1,246,0.1093,937,2.1,0
30869.04,369,27966.43,327,11.1,0.7383,0.442,0,258,0.7668,775,23.29,0
25688.53,314,95115.99,186,25.8,0.2508,0.1755,1,29,0.3913,628,28.46,1
49280.63,499,36909.42,236,0.8,0.4405,0.8434,0,148,0.5569,588,16.87,1
34477.55,366,43942.8,285,0.5,0.7205,0.7241,1,20,0.1435,426,20.85,1
20444.72,359,82302.08,302,3.6,0.2245,0.6283,0,38,0.0198,3376,27.41,0
103822.72,589,70132.95,210,13.5,0.7481,0.6829,0,177,0.9801,2608,14.19,0
39907.93,849,88547.21,126,4.3,0.6371,0.1744,0,132,0.8819,1508,22.46,1
58981.5,343,48693.55,289,25.6,0.9875,0.125,0,107,0.9419,1725,26.63,1
78800.54,697,49034.13,184,9.8,0.3989,0.7233,0,112,0.7126,2329,6.64,0
105712.38,672,90533.66,292,25.9,0.7921,0.3748,0,202,0.1413,446,16.74,0
137607.89,722,9834.14,123,10.1,0.8899,0.6597,0,222,0.1803,1815,1.69,1
93761.08,476,30965.4,360,16.9,0.1559,0.4019,0,102,0.1507,1297,14.59,0
36972.16,798,35040.39,325,15.9,0.6281,0.0353,1,34,0.0858,36,27.68,0
63096.12,392,34762.92,194,6.1,0.1506,0.213,0,186,0.6232,1293,17.92,0
81761.35,479,32525.4,63,24.1,0.1598,0.8806,1,61,0.5323,2533,12.88,0
101728.72,587,70546.55,139,29.3,0.6639,0.1466,0,21,0.1356,1561,14.71,0
119727.95,671,93439.51,311,17.2,0.4473,0.0199,0,291,0.3438,1392,29.65,0
28955.7,438,64282.95,358,11.8,0.1495,0.9929,0,101,0.9616,1314,9.48,0
122255.04,663,62267.19,265,0.5,0.891,0.4177,0,130,0.192,1148,29.48,0
23047.76,626,91052.58,38,19.5,0.7005,0.2631,0,173,0.0405,3072,29.86,0
105723.37,640,57371.04,78,26.2,0.9265,0.0107,0,155,0.3807,1926,12.02,1
107347.51,684,36885.32,274,25.6,0.7841,0.4072,0,178,0.7191,2263,6.59,1
30829.8,760,92283.73,55,24.2,0.9133,0.8615,0,12,0.8108,3303,23.1,1
43023.94,366,19630.58,133,23.4,0.8637,0.0096,1,175,0.8702,2530,3.04,1
145533.76,771,64945.28,181,23.6,0.1058,0.122,0,103,0.918,333,6.38,0
31906.17,743,80201.31,131,6.3,0.717,0.3869,0,99,0.476,809,21.54,1
111815.62,780,32366.03,358,17.8,0.8609,0.4425,0,41,0.1759,810,8.63,0
94806.43,493,71496.87,50,5.6,0.8486,0.7563,1,203,0.6353,2427,9.6,1
103277.35,523,45519.71,188,22.1,0.5306,0.6548,0,129,0.2814,661,2.87,1
64749.02,361,63885.31,232,2.4,0.7644,0.7161,1,46,0.3184,3160,27.57,1
108540.51,367,59074.11,175,13.5,0.7422,0.4804,0,251,0.3135,3052,6.52,0
25550.93,661,43924.58,248,9.7,0.7963,0.9452,0,238,0.4522,582,22.4,1
143452.43,442,79885.2,207,29.7,0.6322,0.3994,1,89,0.151,754,7.29,1
81397.47,577,37044.95,23,14.9,0.1583,0.8298,0,143,0.2277,1993,18.6,0
76563.98,463,51297.5,352,1.8,0.9614,0.0669,1,245,0.6078,580,7.82,0
124470.87,726,51598.15,169,18.9,0.3386,0.3106,0,63,0.5991,2170,9.18,0
124926.16,431,40108.92,254,1.9,0.4471,0.417,1,168,0.6883,3572,27.17,1
137239.2,787,79746.58,296,10.2,0.7938,0.6983,0,165,0.7816,2345,29.16,1
97068.52,542,82265.58,139,14.7,0.4698,0.0194,0,49,0.3841,608,19.08,1
83822.26,572,11357.92,211,23.3,0.7913,0.2762,1,31,0.4737,915,19.36,1
127228.78,794,58378.4,151,28.7,0.4847,0.3142,0,103,0.8241,2646,6.46,0
98660.58,602,74674.89,111,15.7,0.5041,0.2482,0,6,0.2982,837,5.18,1
104712.55,731,12477.42,250,23.3,0.993,0.4467,0,81,0.5938,3107,10.11,0
79272.62,502,72098.19,244,8.5,0.5865,0.3228,1,27,0.8677,2264,14.84,1
128134.56,684,57262.08,333,13.0,0.3239,0.178,0,18,0.6436,1328,17.4,1
134823.75,357,73663.78,79,14.9,0.9269,0.1399,1,84,0.9401,963,3.66,1
66420.53,383,44200.97,47,14.8,0.5451,0.5247,0,203,0.6946,2246,24.86,0
78304.76,418,77462.59,145,6.8,0.0565,0.6835,1,116,0.4787,173,7.35,1
39842.0,440,52555.47,177,11.6,0.6343,0.3958,0,149,0.4922,2743,21.73,1
28835.0,504,61018.52,118,6.9,0.4915,0.3494,1,189,0.5091,3396,5.76,1
89709.9,588,30236.44,203,15.3,0.1599,0.2016,0,172,0.1958,1067,12.39,0
78714.47,756,62319.95,345,20.2,0.77,0.2046,1,199,0.8046,3043,28.06,1
118768.71,605,84128.32,357,6.4,0.5933,0.3034,0,118,0.5668,3623,25.46,1
23095.63,312,25560.24,104,25.8,0.2064,0.9468,1,168,0.4579,1601,18.45,1
83918.69,592,80525.3,353,25.7,0.2485,0.6164,0,16,0.6193,3511,1.33,1
20001.23,755,41234.99,302,28.8,0.0972,0.368,0,217,0.7418,1528,3.21,1
22911.29,335,90359.56,166,4.3,0.4569,0.9322,0,105,0.1203,2608,22.58,0
23947.79,787,21585.22,69,2.6,0.2348,0.8698,0,286,0.2731,93,21.38,0
115086.42,456,25470.18,215,20.3,0.0299,0.4974,0,212,0.175,55,17.73,1
28191.33,587,72440.67,257,6.1,0.2673,0.6712,0,97,0.2348,1835,24.5,0
25736.0,745,58099.72,262,23.8,0.7156,0.7425,0,46,0.598,1869,24.8,1
68524.77,680,73988.87,288,4.4,0.7352,0.3468,1,206,0.3721,1424,23.25,1
107445.53,806,69192.52,220,10.8,0.4317,0.6022,0,171,0.9247,2644,14.53,0
132033.99,468,89525.39,187,15.2,0.8597,0.6251,0,277,0.6327,3051,5.62,0
38137.77,510,83345.12,214,2.5,0.419,0.1119,0,22,0.5196,2358,1.12,0
106402.8,468,75272.57,183,14.7,0.3255,0.8365,0,203,0.5231,3357,12.39,0
117477.42,408,26452.41,341,13.6,0.8343,0.8952,1,1,0.8932,2067,24.2,1
139059.68,613,27974.17,219,9.1,0.2092,0.6382,0,98,0.0235,128,9.58,0
127595.36,373,11367.08,243,28.5,0.4219,0.3575,0,154,0.3432,1536,7.05,0
96659.8,789,65345.86,315,1.3,0.4913,0.0315,0,16,0.2558,1940,25.97,1
90072.25,400,45156.66,312,18.6,0.3511,0.9714,0,14,0.38,1997,23.01,1
52780.33,394,12881.64,335,27.7,0.4547,0.7491,1,241,0.0343,1269,17.03,0
78655.87,720,14020.61,77,17.8,0.6752,0.0282,0,36,0.5021,1898,8.97,0
124170.0,848,67101.72,36,7.6,0.1177,0.5167,0,232,0.2934,667,2.15,0
75475.11,458,97013.65,51,6.0,0.4862,0.0057,0,91,0.7725,180,9.77,1
132523.53,805,26729.59,239,24.3,0.948,0.1161,0,68,0.7404,2479,17.32,1
67667.83,740,6951.07,280,26.9,0.3683,0.5435,0,18,0.2789,2283,21.36,1
31341.58,666,50089.42,271,27.6,0.9066,0.8755,1,83,0.0864,766,20.27,0
149547.66,682,57950.01,256,2.0,0.79,0.1855,0,287,0.0398,830,5.27,1
111191.61,311,40326.56,273,23.6,0.1128,0.6659,0,5,0.3033,3324,4.97,0
131876.14,518,22923.37,255,14.3,0.2141,0.1724,0,278,0.8587,291,5.24,1
86282.83,369,50380.4,49,17.0,0.2471,0.7534,0,186,0.9376,3392,8.61,1
76143.23,628,79160.04,26,5.8,0.7265,0.3737,0,116,0.7486,522,14.9,0
86241.15,716,66373.89,337,4.7,0.599,0.2876,0,222,0.5998,1710,2.92,1
135914.56,449,78427.22,32,11.1,0.3933,0.4645,0,175,0.3035,2193,18.55,0
131199.26,781,53586.8,209,22.7,0.8395,0.5896,0,294,0.1373,1381,3.64,0
64513.3,829,63554.83,44,7.5,0.2682,0.2713,0,263,0.2278,1328,27.31,0
65306.72,613,23225.42,183,15.5,0.4115,0.2639,0,97,0.7683,3648,23.82,0
109483.18,494,70274.82,197,21.4,0.5529,0.2045,0,267,0.1734,2968,21.96,1
52113.53,645,22392.39,343,24.3,0.375,0.3916,0,291,0.4591,1399,5.24,0
52829.64,685,82245.88,213,0.1,0.1889,0.9341,0,233,0.9348,2256,17.92,1
93768.97,503,30241.61,230,18.8,0.4896,0.1081,0,161,0.1194,742,4.56,0
149244.7,342,85481.6,154,3.2,0.5352,0.1274,1,217,0.2049,2705,17.43,1
63888.77,583,31997.87,135,6.9,0.6183,0.5706,1,283,0.3536,969,5.4,0
61173.31,525,21325.02,208,6.1,0.6163,0.9545,1,139,0.8096,511,3.77,0
48726.55,770,62912.68,100,27.5,0.2795,0.0032,0,223,0.5796,2457,25.64,1
50183.49,383,43810.79,239,13.3,0.7392,0.3845,0,195,0.023,3134,8.88,0
83897.58,836,37517.43,22,15.0,0.6156,0.8382,0,191,0.1445,317,18.43,0
69096.36,713,24677.44,172,10.6,0.2741,0.7149,0,195,0.6004,1924,28.86,0
93230.18,366,47963.35,23,11.7,0.3452,0.381,0,229,0.9092,367,13.68,1
54985.81,566,50460.42,98,6.6,0.5855,0.5172,0,101,0.8459,1563,11.57,0
31696.43,462,13775.79,295,1.5,0.0793,0.932,0,151,0.1416,1786,9.08,0
49781.53,619,20829.74,46,7.0,0.0923,0.0521,0,91,0.2882,1927,28.32,0
50711.88,500,62250.26,51,2.0,0.1015,0.8173,1,64,0.7791,2267,23.06,0
39853.42,491,28336.42,16,9.8,0.1718,0.2723,0,257,0.5045,233,12.42,1
80978.7,435,27982.93,323,25.0,0.5739,0.2793,1,90,0.7102,2923,8.2,0
118086.77,368,98371.35,81,0.0,0.4608,0.7988,0,203,0.5503,2975,12.71,0
145073.64,832,38623.87,322,17.3,0.8376,0.4052,0,209,0.1669,3515,15.49,0
46896.09,676,84984.87,71,18.1,0.4124,0.3759,0,162,0.4872,3074,1.47,0
102998.98,450,47744.34,314,23.7,0.7492,0.6491,0,126,0.1423,931,27.21,1
71901.09,776,40298.88,116,13.9,0.4158,0.0513,0,52,0.2954,218,11.17,0
135316.05,743,12421.73,162,10.6,0.5126,0.4771,0,246,0.0678,1358,6.61,0
41572.9,403,18864.21,299,8.1,0.0247,0.2187,0,13,0.4484,1369,24.16,1
100830.45,591,39956.92,276,17.6,0.8835,0.7585,0,264,0.0362,3193,16.89,0
85773.21,457,93630.02,205,9.9,0.7143,0.7314,0,74,0.1422,805,3.7,0
71271.92,342,9181.27,18,28.6,0.1945,0.5693,0,78,0.4269,2328,8.4,0
20073.71,367,20522.19,31,8.0,0.4827,0.0661,0,85,0.9248,2022,4.31,1
125519.67,650,63595.84,202,25.5,0.9557,0.2581,0,170,0.6315,1338,16.27,0
128596.63,832,69847.14,316,23.3,0.2453,0.8149,0,140,0.3282,2085,9.72,0
148870.68,352,95449.54,165,24.1,0.2576,0.8241,0,113,0.8807,1019,14.47,1
32817.64,817,39484.33,216,12.6,0.3312,0.0811,1,247,0.9485,2716,2.92,1
135609.85,746,43562.85,233,4.6,0.4732,0.0306,0,61,0.308,1993,26.49,0
144575.65,519,43505.18,132,8.6,0.6106,0.1649,1,168,0.5934,3495,3.4,1
123505.26,308,19254.39,231,14.8,0.0923,0.9701,0,78,0.9918,9,14.67,1
57884.99,675,69480.27,194,20.0,0.0875,0.1652,0,52,0.0389,2388,3.39,1
20027.7,496,80006.55,212,24.7,0.4904,0.2673,1,270,0.0717,2510,9.25,1
98801.81,566,19952.43,275,2.9,0.6065,0.689,1,174,0.665,2847,14.71,1
143721.6,613,32897.06,217,12.5,0.9305,0.7943,0,168,0.2105,1890,5.31,1
30328.91,420,19029.6,241,3.8,0.7228,0.2825,1,164,0.5793,2944,14.97,1
140883.53,609,94056.44,119,26.9,0.6562,0.3642,0,177,0.0661,129,25.39,0
70642.68,809,49032.87,215,23.5,0.8626,0.4496,0,217,0.6584,3079,17.43,0
20967.03,468,95657.51,224,2.8,0.8755,0.3346,1,72,0.24,2474,15.37,1
46293.2,484,44697.67,16,18.9,0.7114,0.8002,0,2,0.1046,3161,24.91,0
47438.03,640,69633.79,270,8.2,0.3907,0.5287,0,101,0.4349,2996,24.21,1
113483.94,597,56185.26,245,1.3,0.3326,0.4073,0,33,0.4745,3598,13.1,1
134967.82,536,92693.5,314,6.7,0.2647,0.8915,0,118,0.6684,2374,8.37,1
88996.57,341,26071.09,242,7.2,0.0023,0.0478,1,141,0.5353,2239,28.26,1
132910.97,613,78045.58,351,1.5,0.9889,0.2134,0,148,0.7797,3504,7.81,0
92898.11,636,21837.49,347,6.0,0.6851,0.0797,0,246,0.0207,532,28.0,0
41972.94,599,68822.03,224,4.9,0.4264,0.7292,0,148,0.3095,2222,21.06,0
29909.35,459,87956.01,13,28.6,0.066,0.7703,0,139,0.9651,465,23.18,1
85060.2,847,49203.24,74,14.4,0.6144,0.7855,0,48,0.3532,1589,24.39,0
52535.87,318,91537.39,329,24.1,0.7933,0.0864,1,75,0.3421,2139,24.64,0
82229.75,659,7829.97,211,23.8,0.4324,0.8073,0,207,0.2124,779,19.01,0
96226.08,368,97733.04,128,25.0,0.9338,0.7808,0,235,0.3873,2632,11.7,0
24729.33,492,5353.57,193,0.5,0.6646,0.3725,1,4,0.9696,3531,14.44,1
32477.06,833,58334.17,71,17.8,0.4734,0.5536,0,175,0.1198,3322,1.94,0
61218.7,619,56022.75,229,8.8,0.8587,0.0549,0,71,0.6959,3342,12.01,1
64192.36,721,98224.48,283,10.9,0.4983,0.7386,0,14,0.9813,1343,6.36,1
37865.21,837,62276.11,63,10.9,0.0952,0.2642,0,64,0.1826,870,17.88,1
26380.23,618,84939.38,293,22.6,0.913,0.0797,0,296,0.8703,2237,9.62,1
58680.99,713,76468.68,32,9.4,0.878,0.093,0,27,0.1369,387,28.52,0
33887.73,788,9039.86,196,12.2,0.1069,0.1588,0,127,0.082,690,6.37,0
111090.67,406,64929.69,20,14.1,0.7287,0.1267,0,261,0.2386,1671,1.15,0
55530.87,492,51802.02,133,1.8,0.211,0.6669,1,271,0.2927,558,12.73,0
138397.01,594,30589.22,327,25.7,0.1246,0.4202,0,255,0.0015,470,12.76,0
52881.71,431,59778.52,340,17.4,0.9672,0.2488,0,119,0.9981,3052,2.35,1
71313.44,523,31272.16,69,17.2,0.6519,0.7172,0,8,0.4134,1399,6.98,1
114160.85,426,87536.11,178,29.3,0.3787,0.5189,1,104,0.8578,598,7.0,1
133093.64,548,51541.77,152,13.1,0.2521,0.4333,1,31,0.7483,2148,9.38,1
134569.86,444,31927.39,102,12.8,0.0138,0.7857,0,233,0.3478,2639,7.51,1
132300.22,788,96533.28,150,4.8,0.2206,0.9048,1,121,0.6452,1576,7.35,0
86260.7,448,15433.32,201,15.7,0.6899,0.2718,0,159,0.7464,84,2.83,0
33925.49,589,28949.38,137,22.7,0.6684,0.556,0,272,0.9218,2571,15.41,1
39382.52,320,36100.78,295,12.6,0.3413,0.481,1,157,0.7209,1741,8.28,0
96205.01,711,68634.45,320,17.0,0.3569,0.3799,0,126,0.3247,3514,10.75,0
51351.73,641,51849.3,232,28.7,0.0164,0.0763,0,71,0.2313,3550,2.27,0
89547.49,374,14748.44,292,13.2,0.1357,0.738,1,50,0.0366,48,27.63,0
148871.03,760,89844.76,59,10.2,0.2367,0.1188,0,275,0.7464,3117,8.0,1
56020.6,471,67443.22,15,27.8,0.4895,0.9923,0,170,0.1001,2064,17.9,0
56097.09,737,71156.01,194,22.6,0.5563,0.1643,0,293,0.0214,1128,6.58,0
50448.54,346,74581.82,112,24.8,0.1976,0.295,1,231,0.2256,551,1.91,0
114128.05,675,64577.4,165,25.0,0.4318,0.6879,0,82,0.4737,32,5.97,1
42762.45,730,15309.82,92,6.4,0.1537,0.1084,0,86,0.2661,2131,21.7,0
89012.55,637,89206.88,92,24.9,0.5943,0.6605,0,230,0.4249,2503,25.26,1
61044.93,519,92990.25,22,5.9,0.2955,0.7726,0,47,0.8747,473,24.1,1
26992.99,846,95208.45,69,16.8,0.3946,0.6497,0,70,0.0528,737,16.63,1
36435.52,351,53299.52,322,16.3,0.0742,0.539,1,269,0.5376,1064,8.57,0
127654.31,345,45633.47,117,4.2,0.79,0.6988,1,76,0.6248,293,13.24,0
30420.39,629,48785.42,360,8.3,0.8472,0.03,0,14,0.7753,2830,1.7,0
23945.16,630,20667.77,338,17.6,0.0826,0.1904,0,51,0.439,2208,19.78,1
102009.98,326,73326.41,192,9.4,0.6722,0.7947,0,149,0.7525,1069,5.62,1
39232.67,788,32282.46,279,27.3,0.0766,0.1757,0,257,0.6217,174,10.11,1
85928.68,778,7493.88,318,1.5,0.662,0.8858,0,175,0.0887,2966,15.96,0
72673.84,425,27401.17,88,23.9,0.5117,0.9907,0,26,0.3662,3366,5.94,0
114847.96,340,64376.61,39,12.2,0.2404,0.6021,0,236,0.6181,3222,29.96,0
121219.79,838,22552.81,45,1.8,0.802,0.9281,0,130,0.8349,509,26.82,0
116005.81,567,64429.95,144,28.9,0.6438,0.5475,0,128,0.5157,1549,21.83,1
104206.53,709,30440.95,91,20.2,0.1415,0.4001,0,88,0.5217,2643,20.42,0
72993.36,462,6967.39,226,22.7,0.1305,0.7222,0,221,0.2139,1269,28.86,1
80055.49,341,83093.51,161,28.4,0.6316,0.1567,0,192,0.7577,3549,26.33,1
122525.67,677,37293.42,107,8.8,0.9592,0.9114,1,44,0.4698,1261,12.92,1
57778.1,843,52995.55,23,23.2,0.7308,0.3684,0,257,0.5187,3402,29.49,1
146421.9,776,62959.05,43,20.2,0.3399,0.2897,0,150,0.2388,886,7.06,0
66158.25,838,29483.12,173,26.5,0.1222,0.7285,0,53,0.0901,2914,18.4,0
113762.72,426,56715.9,322,29.3,0.2411,0.0914,0,253,0.2168,1659,19.68,0
25097.45,716,86207.29,51,28.7,0.9181,0.6119,0,168,0.9914,391,14.39,1
72935.67,837,89723.27,17,27.3,0.2087,0.0266,0,55,0.3346,1700,4.25,1
97635.57,313,28216.65,205,10.0,0.6368,0.4974,0,62,0.9604,1702,27.58,0
108415.7,701,39950.96,189,4.0,0.0579,0.3112,1,64,0.8708,2619,23.38,1
90099.81,531,26978.2,283,14.3,0.8381,0.5866,0,209,0.1947,3339,21.97,0
98853.88,817,19048.82,134,13.5,0.3352,0.4183,0,19,0.6954,3512,22.19,1
89693.65,343,83810.39,334,0.6,0.792,0.2376,0,220,0.4354,3239,22.57,0
32478.09,431,45519.02,21,28.2,0.9438,0.8748,1,105,0.3613,1630,26.65,1
133260.58,327,41696.99,245,2.2,0.9403,0.2129,0,112,0.254,1395,11.32,0
86179.86,487,46442.84,67,14.6,0.8474,0.4245,0,74,0.6212,2149,25.11,1
145206.78,418,27999.51,295,0.1,0.5278,0.4474,1,153,0.2374,3535,20.35,0
136184.24,439,43708.44,120,7.0,0.3743,0.7239,1,190,0.4515,2843,1.52,0
85961.93,366,81312.22,158,17.2,0.935,0.7147,0,131,0.5829,679,12.68,0
94462.36,730,77829.71,305,24.2,0.8696,0.6568,0,234,0.0897,2139,9.57,0
67603.46,693,65493.82,303,7.4,0.3304,0.1029,1,257,0.8873,2333,18.94,0
45278.63,479,89601.27,67,5.5,0.7803,0.8194,1,73,0.7763,1761,12.72,1
141878.77,717,64110.7,23,29.7,0.473,0.398,0,214,0.9723,126,19.62,1
48067.89,533,54399.41,124,9.8,0.6625,0.9079,0,267,0.1385,2299,22.95,0
147521.77,303,90238.83,220,26.6,0.1178,0.1425,0,223,0.3413,2250,24.33,0
72810.02,667,56727.54,87,13.0,0.266,0.7836,0,194,0.3447,2582,3.11,0
21941.3,793,81830.5,62,20.2,0.6857,0.1457,1,271,0.3137,1380,29.43,0
52750.97,496,78835.77,216,16.2,0.2406,0.7963,1,261,0.2719,167,25.78,0
41351.91,529,5092.93,353,25.6,0.4342,0.3907,0,33,0.9984,479,25.18,1
85506.91,376,12715.34,110,24.4,0.3348,0.9695,0,25,0.9453,1537,16.31,1
56302.12,600,64836.89,49,25.7,0.3214,0.4531,0,268,0.1959,2386,28.53,0
101507.1,351,74347.76,124,19.1,0.2701,0.8957,0,145,0.3907,239,21.72,1
38164.97,712,77481.8,222,20.1,0.5963,0.3446,0,48,0.7459,2016,22.02,0
139967.76,348,98288.33,301,21.0,0.6018,0.7691,1,204,0.9366,2764,16.47,1
45384.91,507,48117.31,57,28.1,0.9542,0.3142,0,88,0.2026,1644,4.15,0
30289.61,310,24467.12,96,20.3,0.0786,0.1634,1,113,0.7503,975,24.93,0
61308.27,778,52096.07,305,29.3,0.376,0.1904,0,280,0.2967,1084,18.18,0
41930.17,630,9539.63,214,8.8,0.043,0.8175,0,146,0.9949,969,14.1,1
128160.05,707,49687.81,67,27.8,0.905,0.7409,0,263,0.1703,765,3.18,0
103078.12,803,89955.29,313,16.1,0.1824,0.6283,0,215,0.1716,2237,10.86,0
121971.29,748,27217.13,230,26.0,0.2316,0.8225,0,59,0.8481,726,16.76,0
73095.27,646,26746.29,242,28.8,0.0229,0.7856,0,220,0.4028,488,14.15,0
72345.71,808,27415.24,219,15.5,0.8076,0.8601,1,2,0.3761,589,3.45,0
43458.37,657,36149.61,93,2.6,0.3934,0.8735,0,172,0.5391,1833,28.17,0
72641.51,453,74586.52,279,19.5,0.9371,0.0728,0,168,0.5679,1871,22.89,0
92478.43,847,78394.23,149,7.1,0.6234,0.5419,0,9,0.9531,520,26.87,1
63014.61,334,95383.0,129,19.9,0.5423,0.975,0,129,0.5074,1196,19.8,1
98727.69,824,57586.38,45,19.4,0.2836,0.4519,0,235,0.9624,3077,27.47,1
77382.72,665,92746.69,132,26.9,0.4017,0.3905,1,96,0.0262,2522,14.11,0
30138.94,365,73343.83,351,29.2,0.4949,0.5322,1,77,0.857,2354,27.54,1
113410.17,457,84519.28,78,9.6,0.5768,0.4939,0,273,0.3183,2148,1.02,0
108704.03,543,40024.69,149,26.5,0.6636,0.8678,0,200,0.3809,2538,10.62,0
24981.05,427,20952.37,289,5.3,0.7465,0.8525,1,94,0.9342,1611,14.36,1
38246.04,601,22640.44,138,19.0,0.1331,0.5327,0,138,0.7895,3401,26.12,0
45293.82,405,37317.68,96,7.8,0.6845,0.916,1,173,0.7224,1980,6.16,0
70579.95,475,43346.88,313,6.6,0.6946,0.3433,0,190,0.1022,3525,29.75,0
92791.36,700,40076.99,25,28.5,0.4896,0.2628,0,287,0.3244,2499,10.29,0
108413.4,567,26299.64,111,9.2,0.6232,0.8778,0,296,0.0745,3410,4.28,0
82952.38,348,23919.04,182,17.5,0.2691,0.0377,0,108,0.3945,362,10.43,0
62479.82,635,24218.23,122,21.9,0.3661,0.8861,0,244,0.7278,2149,3.82,0
78152.49,624,9350.26,329,8.0,0.8466,0.6971,0,56,0.2835,3153,23.98,1
66001.74,767,41378.58,282,28.4,0.122,0.5917,0,31,0.6051,3420,4.82,1
55318.66,432,27325.94,275,15.8,0.8565,0.3483,1,71,0.9352,2284,24.46,1
75659.73,359,95776.88,310,15.2,0.7923,0.4498,0,153,0.8626,567,15.29,1
63847.09,586,56428.2,185,22.0,0.422,0.3637,0,148,0.1778,528,9.83,0
35425.51,384,82179.7,231,29.6,0.0254,0.9326,1,21,0.0429,3284,9.9,0
96223.07,537,11911.08,133,3.9,0.8774,0.8831,0,167,0.8685,284,7.04,1
82468.79,834,24388.67,336,12.8,0.7382,0.682,0,146,0.8511,2150,18.89,1
100595.09,802,18686.88,125,12.7,0.8989,0.7888,0,150,0.6431,614,22.66,1
129975.22,471,92327.9,159,6.3,0.9587,0.5258,0,89,0.7076,3309,24.67,0
44755.08,364,16998.06,322,4.3,0.8412,0.0071,1,48,0.059,3025,1.24,1
51817.3,568,51506.1,116,21.5,0.4632,0.0242,1,242,0.404,2893,3.53,0
122299.98,658,50607.56,176,7.8,0.9733,0.562,0,70,0.3789,3534,17.57,1
38517.95,392,53538.18,354,22.3,0.3824,0.6577,1,53,0.3925,2251,26.2,0
144845.58,780,21677.15,246,20.6,0.1983,0.7872,0,290,0.6554,763,28.74,0
62356.94,476,19743.21,302,27.3,0.2141,0.4119,1,52,0.7328,3275,10.48,0
29797.17,610,27445.85,293,4.3,0.8967,0.3251,0,126,0.7894,3505,26.94,1
92272.74,615,30343.94,74,14.7,0.6446,0.7371,0,113,0.1616,1611,9.41,0
94235.68,567,87216.15,307,24.3,0.7749,0.6112,0,93,0.8933,2473,24.92,0
77043.48,491,59249.1,237,2.1,0.0554,0.2465,0,240,0.7597,2039,21.84,1
112029.42,634,18136.16,297,28.4,0.5189,0.1307,1,51,0.1347,1493,12.52,0
132187.16,492,21460.3,34,8.0,0.5542,0.6066,0,239,0.5186,2073,26.05,1
108867.65,681,68398.05,194,5.5,0.6374,0.3943,1,21,0.202,1140,29.36,1
70420.65,383,82393.91,305,9.6,0.4602,0.3469,0,108,0.872,2337,27.06,0
22969.28,452,66076.61,97,23.4,0.7298,0.5869,1,13,0.0925,815,14.86,0
115539.88,497,10385.42,112,27.3,0.5765,0.9922,1,256,0.0929,472,5.21,1
39621.12,455,15978.16,92,3.5,0.6868,0.7004,0,239,0.7527,572,2.55,0
116982.74,391,16013.72,207,12.1,0.1295,0.1807,1,17,0.4465,2962,10.95,0
88790.18,748,93578.23,113,27.8,0.7468,0.2141,0,99,0.4314,1382,7.04,1
43248.9,608,78781.63,65,4.5,0.785,0.1761,1,12,0.7898,2798,12.45,1
139850.77,308,59760.81,179,29.5,0.1501,0.2867,1,100,0.7006,1503,29.84,1
69464.43,367,81994.14,347,0.0,0.9307,0.7157,0,177,0.1282,2845,17.92,0
120927.19,534,97044.12,72,4.3,0.1908,0.9352,0,277,0.3667,1258,23.11,1
130024.47,565,94443.7,91,0.8,0.9901,0.9302,0,186,0.6143,1964,7.69,1
27840.17,362,47095.88,55,12.9,0.862,0.0224,1,65,0.86,2176,19.85,0
64510.74,567,95526.87,93,24.8,0.6844,0.642,1,147,0.0324,241,4.62,0
138037.47,715,95875.96,300,27.4,0.6398,0.3686,0,158,0.6229,1520,13.84,0
149745.14,680,32079.14,100,28.4,0.2513,0.8416,0,129,0.4617,12,4.21,0
119990.39,826,16650.5,118,0.8,0.9115,0.7925,0,52,0.4493,1132,23.14,1
41043.67,828,9049.23,18,15.5,0.8123,0.6702,0,76,0.5927,3558,21.87,0
111559.49,774,13021.32,272,1.3,0.453,0.2465,0,118,0.3321,196,24.58,1
146096.0,582,51743.15,114,24.0,0.175,0.7041,1,290,0.4351,1430,16.42,0
66193.36,736,71823.74,317,7.6,0.0297,0.1205,1,102,0.9998,3292,26.29,1
72335.38,750,92587.08,235,26.7,0.4368,0.1489,0,33,0.5246,3403,5.01,0
22467.48,358,98083.17,218,12.4,0.1002,0.9651,0,13,0.7551,3257,4.38,1
83134.98,778,16810.72,141,1.1,0.749,0.2627,0,283,0.0679,2929,17.32,0
111975.96,576,59546.04,173,7.5,0.9975,0.0658,0,22,0.2555,2494,15.55,0
58691.75,808,93279.8,214,23.5,0.5292,0.4928,0,34,0.1987,2418,13.73,1
73894.91,599,14695.26,207,28.7,0.1484,0.485,0,249,0.4799,1091,8.2,0
119085.36,747,22386.46,275,20.1,0.5951,0.5829,0,229,0.807,275,21.63,0
41468.55,741,85571.55,350,4.2,0.2143,0.051,0,277,0.8443,433,3.58,1
40586.6,328,64928.34,350,18.8,0.0951,0.9309,0,43,0.2352,2804,21.35,0
86684.18,816,89070.34,311,13.5,0.1466,0.112,0,12,0.731,2202,15.61,1
57669.66,820,7900.9,48,29.1,0.9281,0.8942,0,71,0.1607,493,14.09,0
66286.61,825,75057.33,131,17.1,0.4404,0.5068,0,6,0.5391,253,24.54,1
26086.9,785,35418.82,353,2.8,0.8426,0.8421,0,44,0.2996,1652,3.65,0
30924.23,461,53535.34,267,20.2,0.5904,0.7915,0,217,0.5597,2068,5.36,0
70973.59,788,68135.43,37,8.0,0.5888,0.2293,1,46,0.7901,1735,4.26,1
84266.21,554,21817.78,157,20.2,0.8085,0.5532,1,194,0.354,3191,28.0,0
131669.13,707,22263.9,339,1.4,0.6047,0.4216,0,193,0.3837,1019,21.89,0
75810.07,572,48040.68,171,4.6,0.4439,0.1529,0,198,0.1423,1457,17.82,1
101941.1,581,56548.87,76,0.0,0.9677,0.9602,0,137,0.5346,2182,21.2,1
25341.43,746,18058.64,144,11.9,0.1513,0.9875,0,295,0.0681,91,19.07,1
58986.96,519,99877.53,69,17.6,0.7567,0.7248,0,84,0.9986,3577,6.93,1
50244.36,786,73372.87,12,10.3,0.981,0.0438,0,285,0.511,1641,10.64,0
22851.01,469,39230.04,154,22.5,0.4956,0.2622,0,220,0.3179,130,26.32,0
55568.01,726,43196.15,44,14.1,0.7403,0.8966,0,34,0.7724,520,21.31,1
94520.5,342,56936.92,13,26.0,0.4617,0.5512,1,41,0.4429,1695,15.99,0
122345.99,634,64142.01,213,18.8,0.9472,0.5459,0,276,0.6174,1020,21.27,1
110542.31,750,34603.5,271,11.4,0.3124,0.8925,1,175,0.5884,1285,24.3,1
36135.19,438,73626.25,359,5.4,0.8448,0.781,0,127,0.697,1563,26.79,1
34740.51,785,12467.6,43,6.8,0.596,0.7527,0,203,0.2071,1288,8.21,0
104190.4,402,53893.44,145,9.8,0.5995,0.379,1,13,0.5941,2668,17.6,0
58832.74,556,21998.12,162,27.6,0.9986,0.6824,1,286,0.6134,1767,15.43,1
122593.13,568,20373.78,171,9.4,0.8652,0.49,0,276,0.8925,2340,14.07,0
119840.7,526,23267.31,271,24.2,0.0289,0.1309,0,190,0.2581,1657,26.4,0
131057.47,488,78190.35,184,21.0,0.0542,0.3965,0,178,0.2289,220,1.27,0
75314.43,491,16249.36,89,8.8,0.9633,0.7982,0,245,0.6939,1942,10.01,1
61080.68,368,42063.63,65,2.4,0.2809,0.9835,1,258,0.8153,1029,16.47,1
70471.84,361,5581.33,286,0.5,0.4746,0.5163,0,254,0.9916,524,6.68,1
95119.14,666,47188.39,18,27.9,0.2732,0.1349,0,135,0.8527,2616,24.55,1
114958.09,468,10079.77,282,7.5,0.7354,0.8845,0,221,0.3457,2412,22.16,0
89197.69,772,57640.22,337,5.1,0.9834,0.948,0,66,0.1234,2284,21.15,1
62158.85,559,39392.77,149,1.4,0.6758,0.4292,0,189,0.2852,1914,10.82,1
45585.21,378,15583.35,111,4.6,0.7129,0.4474,0,252,0.6822,2543,22.27,0
78597.52,707,77594.94,136,19.9,0.6451,0.6785,1,87,0.0307,3554,25.15,0
109060.79,374,90285.23,193,21.4,0.6551,0.0608,0,199,0.9623,3387,2.21,1
102594.41,333,41728.24,129,9.7,0.5453,0.8297,1,118,0.331,941,26.55,1
131519.0,406,53896.71,214,13.2,0.5052,0.5142,1,218,0.3453,706,9.09,1
107103.37,668,29857.01,230,1.6,0.5317,0.8194,0,34,0.4751,2538,7.31,0
91821.24,315,65969.76,345,22.7,0.8005,0.6695,1,64,0.1471,1870,28.85,0
53209.38,695,81370.99,302,17.4,0.9882,0.5277,0,32,0.3061,1289,14.96,0
128876.36,407,31052.88,242,20.4,0.2538,0.2326,0,277,0.7477,1562,21.6,1
37186.15,508,84005.95,344,6.8,0.4495,0.5215,1,53,0.1509,462,29.57,0
84995.99,701,92395.31,92,28.3,0.5666,0.9834,0,264,0.9242,2916,17.76,0
41811.82,424,9254.3,71,0.4,0.23,0.889,1,268,0.3859,1778,12.0,1
23874.06,792,72912.27,74,0.3,0.0836,0.2955,0,48,0.2888,2968,7.82,0
140712.3,549,65909.56,55,17.7,0.7551,0.7862,0,282,0.6415,799,10.13,1
147717.46,623,84045.46,62,1.0,0.1986,0.7731,1,207,0.916,15,11.73,0
142649.59,688,46565.81,50,9.9,0.9029,0.0461,0,200,0.4221,377,3.14,0
71088.36,679,33413.63,56,21.3,0.7041,0.8918,0,145,0.0016,1831,16.71,1
99835.41,575,78380.46,252,1.3,0.6152,0.3673,0,100,0.4299,2246,6.87,0
69129.68,714,20134.03,322,13.8,0.0154,0.2341,0,285,0.52,2603,17.41,1
149350.85,796,79250.98,49,10.9,0.371,0.5914,0,233,0.8439,2333,14.18,1
110117.75,542,17017.9,56,4.0,0.8812,0.764,0,268,0.5773,3404,26.31,1
59354.34,380,57563.12,14,22.8,0.9804,0.5716,0,38,0.784,1480,10.73,1
144453.8,771,51232.5,160,21.2,0.671,0.138,0,95,0.7841,396,16.71,0
103847.53,448,31631.43,323,21.4,0.4028,0.1378,1,84,0.1409,1956,10.69,0
78406.28,570,73495.58,199,8.0,0.1319,0.8233,0,151,0.3728,3414,25.22,1
121335.3,429,5274.18,307,4.2,0.8446,0.3672,0,295,0.0181,3008,2.44,0
48542.45,650,43950.83,39,13.8,0.2113,0.136,0,241,0.9919,2061,5.73,1
62652.79,586,5480.4,57,14.6,0.6519,0.9124,0,83,0.6888,2938,14.13,1
149179.15,374,42001.18,289,27.7,0.7948,0.3731,0,31,0.7863,2304,19.6,0
27670.24,418,59564.29,12,18.3,0.8438,0.8859,1,45,0.315,1751,3.35,0
116702.86,532,94965.41,237,1.6,0.5695,0.1996,1,37,0.8097,2432,10.1,1
144407.54,562,91074.84,346,2.6,0.5042,0.7852,0,168,0.6991,930,24.51,1
93773.31,779,44254.41,296,17.2,0.8652,0.4121,0,132,0.279,1935,23.21,1
115251.32,827,92941.07,254,6.1,0.3109,0.5384,0,37,0.0355,1362,2.32,0
92992.44,712,26069.01,105,2.1,0.8924,0.2133,0,185,0.4379,2147,23.15,0
63861.36,455,44964.3,42,12.2,0.273,0.5457,1,220,0.4478,2410,16.89,0
149539.26,606,93440.15,269,5.9,0.3036,0.1769,0,196,0.9211,3268,27.32,0
58728.99,441,56318.25,181,10.0,0.4455,0.4443,1,26,0.3935,1840,18.98,1
67348.87,706,20148.3,301,5.5,0.8247,0.5941,0,171,0.9023,1330,4.11,1
110978.83,328,68277.83,319,3.1,0.2336,0.951,0,237,0.7789,1589,3.75,0
22482.56,636,81516.92,239,20.5,0.054,0.7027,1,13,0.4061,2544,11.76,1
126284.44,574,71370.1,54,20.5,0.9982,0.893,0,94,0.4377,1286,23.76,0
66454.77,360,6004.69,225,22.8,0.6996,0.0508,1,173,0.2146,2947,27.98,0
65113.19,565,46814.68,328,10.2,0.4381,0.0438,0,52,0.765,2885,6.55,1
97344.86,350,93421.28,314,20.2,0.6439,0.9135,0,34,0.0481,1609,9.35,0
48110.13,611,78421.83,18,6.1,0.8973,0.1185,0,65,0.9377,3598,7.22,1
99504.71,591,11118.9,289,9.0,0.6134,0.0938,0,173,0.8805,2526,26.87,0
66692.64,549,91383.74,302,10.2,0.0457,0.3879,1,209,0.9638,2333,28.28,1
22498.81,738,94575.94,292,1.8,0.5467,0.7171,0,23,0.7783,990,29.89,1
110270.47,428,73082.36,123,19.9,0.5703,0.289,0,192,0.8619,85,1.08,1
69007.0,460,36746.56,16,6.5,0.6329,0.8284,1,109,0.9854,1283,8.4,0
43873.84,408,48640.96,142,5.5,0.0611,0.1868,0,77,0.2188,907,9.92,0
29066.72,332,59275.18,341,26.9,0.4218,0.6768,1,3,0.6372,2216,17.12,1
52925.99,314,19389.35,71,2.7,0.3926,0.2199,1,4,0.2816,2779,10.7,0
138572.32,642,76652.52,300,16.7,0.982,0.4511,0,96,0.0877,2431,22.37,0
60519.03,704,9410.49,135,12.6,0.8041,0.1792,1,73,0.4576,1449,16.1,1
80052.69,774,89543.17,317,3.8,0.9073,0.1145,0,83,0.2256,3080,16.97,1
76088.38,472,14402.59,323,21.8,0.1709,0.3526,0,64,0.5223,2003,21.96,0
93520.64,744,15109.52,69,15.1,0.2114,0.3714,0,42,0.7303,3608,10.08,0
109734.76,781,20910.54,60,11.5,0.5168,0.7088,0,174,0.9172,1961,16.51,0
98503.61,521,11381.03,204,18.3,0.1546,0.9086,0,89,0.8037,1131,10.62,0
132610.24,398,99565.75,82,5.0,0.754,0.1625,1,283,0.2138,1207,16.56,0
129028.75,534,17850.68,91,1.8,0.0887,0.2787,0,109,0.7311,3070,25.95,0
28585.07,668,59841.06,112,21.0,0.6731,0.7357,0,66,0.0361,852,29.38,1
112871.24,452,25806.66,79,3.9,0.4389,0.3592,0,53,0.2437,2941,6.62,0
118709.53,815,13886.02,183,26.6,0.4072,0.3959,1,30,0.3444,3249,18.25,0
77196.15,770,38806.6,311,2.9,0.5373,0.132,1,12,0.6518,2451,3.6,0
125684.11,375,49619.26,205,26.0,0.0409,0.9449,0,272,0.2182,3217,1.85,0
145496.92,582,11353.68,210,11.8,0.1508,0.0812,0,61,0.4198,58,15.53,1
92433.41,677,97039.71,225,25.2,0.9074,0.4605,0,21,0.3832,2869,12.43,1
94142.63,703,39394.83,42,9.1,0.2869,0.7631,0,19,0.441,1768,12.35,1
59802.04,493,73141.57,302,12.5,0.0085,0.6472,0,233,0.1898,3468,5.9,1
134668.35,420,13403.67,87,7.7,0.7858,0.6655,0,176,0.9408,2273,21.17,1
39669.73,827,85764.28,337,26.6,0.0393,0.735,0,51,0.7399,1670,5.28,1
60447.54,386,67511.43,304,20.5,0.2637,0.201,1,123,0.8874,2950,29.01,0
143140.51,491,89451.53,353,1.7,0.5316,0.2249,0,104,0.9494,143,24.46,1
30229.13,674,85592.25,282,15.0,0.028,0.9801,0,240,0.7784,1600,27.57,1
54913.19,638,80626.27,217,17.6,0.8949,0.7975,0,172,0.947,1477,29.04,1
93361.3,577,42337.61,316,23.3,0.3823,0.8069,0,144,0.1265,726,10.95,0
89613.24,308,59405.22,328,27.5,0.3063,0.0875,1,205,0.5959,1324,23.81,1
69567.29,609,85202.75,105,3.4,0.9226,0.0135,0,142,0.1367,1508,23.53,0
35426.25,485,41556.57,158,1.6,0.6677,0.2648,0,101,0.2478,645,28.29,0
59129.67,624,89182.43,121,21.6,0.0558,0.5666,1,235,0.226,2789,27.21,1
103930.16,424,52089.83,283,24.7,0.9198,0.1421,1,189,0.7299,1830,3.68,0
56510.67,460,24865.95,348,8.4,0.8963,0.4329,0,236,0.2598,3458,20.73,0
84747.19,415,52235.91,341,28.9,0.8697,0.9338,0,271,0.4109,1399,26.38,0
48933.37,755,48965.91,79,17.3,0.4003,0.3239,1,240,0.0034,1142,27.42,0
26063.37,665,82452.65,236,28.0,0.0629,0.9276,0,266,0.6583,187,2.05,0
82899.84,482,74301.38,45,9.3,0.3198,0.6626,0,62,0.4254,2475,9.73,0
109998.96,426,78077.74,123,22.9,0.5291,0.6275,1,85,0.9084,813,4.53,1
64962.22,457,54219.26,212,5.3,0.7208,0.6009,1,249,0.7841,1409,4.71,1
99998.13,518,91406.74,87,5.1,0.6399,0.7709,0,98,0.8936,2472,18.63,1
67266.77,785,70663.04,125,23.5,0.2255,0.2266,0,260,0.35,143,14.62,1
26364.14,770,9328.36,107,11.7,0.4978,0.9596,0,82,0.8298,819,12.05,1
83880.99,459,42660.44,193,19.3,0.9522,0.9805,1,286,0.6778,2590,28.9,0
145275.47,804,68290.96,334,13.0,0.7075,0.2621,0,207,0.4785,1329,13.84,1
38869.32,521,98304.47,90,4.2,0.1614,0.7121,1,55,0.7544,1197,8.36,1
92827.7,457,73148.72,352,29.7,0.6313,0.1841,0,182,0.405,1545,6.31,0
149077.36,645,25051.04,347,1.5,0.3896,0.8331,0,246,0.8645,1003,2.93,0
89104.44,578,42697.88,263,8.3,0.8277,0.0063,0,118,0.8568,1249,23.39,1
62114.65,313,89405.47,48,6.6,0.3854,0.4013,1,147,0.664,939,17.56,0
105390.63,695,11009.47,153,23.7,0.045,0.3184,0,90,0.9368,2703,2.95,1
147056.02,574,11841.98,301,23.0,0.6732,0.3299,0,292,0.9333,375,17.71,1
148019.57,628,47831.63,266,10.7,0.1849,0.4772,1,71,0.0182,692,13.6,1
21938.16,808,14128.93,350,2.7,0.3075,0.9408,0,221,0.9059,2541,12.7,1
104144.62,715,8451.89,279,14.2,0.0742,0.4264,0,119,0.0799,2466,29.57,1
76920.38,698,69120.26,26,13.8,0.3391,0.5768,0,244,0.6487,1722,11.22,0
141676.02,616,24286.45,320,2.8,0.77,0.3288,0,263,0.6721,3218,17.77,1
50312.73,448,9339.67,73,17.6,0.352,0.0235,1,194,0.2723,1159,17.33,0
139815.91,791,5654.33,37,0.0,0.4209,0.5613,0,159,0.5448,3124,13.62,1
94411.46,760,92718.94,57,12.6,0.2013,0.8905,0,18,0.2569,1355,1.96,0
65890.43,525,49674.68,31,17.7,0.3861,0.2724,0,96,0.9629,1808,3.29,0
93506.24,666,18048.55,206,6.7,0.2059,0.6947,0,5,0.1792,1433,4.19,0
80147.43,511,45523.81,132,29.6,0.8533,0.6141,0,287,0.8405,3128,10.73,1
139938.42,723,67458.62,138,9.0,0.3304,0.2617,0,150,0.7453,1260,21.56,0
122921.93,612,63138.74,214,17.1,0.6035,0.2446,0,133,0.2758,1847,9.27,0
55053.1,719,30060.46,281,22.8,0.8368,0.6996,1,115,0.0477,1345,15.51,1
113983.5,523,98891.08,354,24.5,0.6425,0.8823,0,139,0.0998,646,4.0,1
136248.11,756,17263.43,100,3.5,0.4787,0.0434,0,266,0.3477,1176,19.28,0
68170.72,783,81033.53,79,25.8,0.1257,0.2444,1,143,0.5667,3475,9.83,0
39289.62,528,58824.49,26,4.2,0.7373,0.3558,1,59,0.204,3539,14.38,0
132361.49,841,72162.98,212,5.7,0.5824,0.628,0,2,0.5554,1763,29.15,1
94576.33,523,94716.27,145,21.2,0.5526,0.1892,0,204,0.3879,347,3.1,0
91594.91,349,89076.71,163,26.7,0.1905,0.4074,0,70,0.0335,1019,6.65,0
43804.51,716,24751.67,67,0.6,0.232,0.4508,0,259,0.7415,2764,24.23,1
126802.07,328,8103.61,345,9.4,0.7078,0.1409,0,196,0.7533,206,5.44,0
31657.18,798,46624.65,158,1.9,0.2635,0.9935,0,164,0.0584,936,16.56,0
67659.65,348,20520.1,298,18.3,0.2803,0.3908,1,173,0.7298,3088,27.75,1
46135.44,832,99431.55,331,23.8,0.0093,0.0162,0,294,0.9915,883,6.93,1
22855.65,502,29095.69,251,13.2,0.7341,0.1229,0,234,0.3652,3342,1.31,0
38459.28,789,62918.89,189,22.5,0.3152,0.8986,1,143,0.6418,863,2.63,0
42495.4,536,74798.03,296,23.1,0.8161,0.1706,1,139,0.7167,3246,4.82,1
58480.66,369,94922.06,309,24.3,0.7972,0.9173,1,233,0.7177,670,20.2,1
26775.5,682,10556.52,223,27.5,0.2589,0.8831,0,53,0.8317,1951,19.62,1
61744.94,566,44322.4,330,23.6,0.6007,0.8623,0,26,0.3863,2621,16.71,0
139664.77,457,79918.88,252,18.9,0.3395,0.8722,1,80,0.3167,165,24.28,0
109452.04,694,42449.28,285,8.5,0.2547,0.5071,0,127,0.4855,2570,6.44,0
142263.52,490,14474.32,55,2.6,0.0471,0.5309,0,22,0.2357,1420,29.49,0
124954.51,351,68612.92,49,13.6,0.0495,0.8244,1,19,0.7979,924,18.35,1
96408.4,557,70972.27,103,17.9,0.7352,0.8974,1,53,0.1727,583,27.25,0
117296.98,555,25929.64,244,5.5,0.0215,0.8572,1,58,0.3757,1544,20.69,0
53887.5,691,85749.75,110,27.3,0.74,0.0015,0,101,0.2024,1188,9.54,0
137629.66,318,33949.66,277,15.0,0.5992,0.9224,1,238,0.0208,681,1.3,0
108805.15,819,70013.7,48,18.4,0.875,0.1895,0,255,0.2574,2876,27.21,1
102505.91,514,20196.04,318,22.2,0.4141,0.268,0,255,0.4742,3256,5.94,0
93741.03,317,44744.28,216,10.5,0.0837,0.8095,1,189,0.5727,646,5.38,1
29273.66,720,25744.8,89,17.7,0.3158,0.6648,0,120,0.4359,1898,20.38,0
103947.84,476,83533.47,163,19.9,0.954,0.0427,0,172,0.6632,2554,15.92,0
91659.23,399,23480.52,66,6.7,0.5383,0.8513,1,294,0.5344,3486,7.51,0
28350.2,385,21794.12,89,2.8,0.8288,0.7821,1,152,0.5114,3619,4.27,1
39974.98,745,56626.79,286,15.0,0.4015,0.8936,1,299,0.1097,1339,8.6,0
70630.24,612,76257.28,356,0.0,0.7946,0.1777,0,255,0.4422,2149,14.93,0
87701.53,697,65591.56,156,28.4,0.3993,0.3108,0,223,0.7242,892,9.59,1
99366.95,746,81823.02,103,2.3,0.183,0.3056,1,146,0.1631,1037,16.43,0
34659.83,797,94077.79,302,23.2,0.7,0.1119,0,229,0.1534,3115,12.78,0
146979.35,584,59659.89,281,2.9,0.1609,0.6983,1,282,0.0199,899,26.38,0
22721.78,472,72091.89,43,0.2,0.9362,0.748,0,100,0.544,773,26.32,1
102135.08,634,81913.25,150,7.3,0.5295,0.2349,0,182,0.5532,663,27.82,0
100072.78,363,10665.92,215,16.0,0.4322,0.8226,0,125,0.8578,727,25.47,0
46885.19,813,62894.31,209,20.2,0.8828,0.2038,0,209,0.9001,342,15.66,1
134825.47,712,21818.15,244,3.1,0.4341,0.3047,0,1,0.9731,778,5.5,1
40390.67,531,73105.14,90,3.0,0.5406,0.5081,0,179,0.8977,1889,22.38,1
28229.09,788,35909.85,22,12.2,0.8957,0.493,1,23,0.4225,2577,21.98,0
41716.26,835,14542.86,346,24.4,0.2474,0.0751,1,228,0.9565,479,14.36,1
34386.97,729,60057.76,285,19.3,0.541,0.2989,0,92,0.7344,69,29.73,0
39587.79,700,40802.69,216,16.0,0.7637,0.6116,0,49,0.1384,1836,6.92,0
97112.96,466,37625.72,126,18.1,0.6712,0.6283,1,228,0.7382,3632,4.96,0
22921.73,574,64603.15,85,22.9,0.412,0.5903,0,33,0.7645,2352,18.94,1
93116.66,768,34164.39,360,14.9,0.5591,0.6856,0,146,0.4056,309,28.65,1
99074.14,816,85463.09,69,12.3,0.2425,0.8389,0,176,0.2063,3003,17.86,0
33886.32,689,32831.89,311,16.0,0.2652,0.316,0,86,0.6629,2109,24.38,0
62466.71,475,16235.42,28,4.9,0.1395,0.4587,0,149,0.5529,251,1.52,0
55172.74,558,39064.08,65,23.1,0.0005,0.8773,0,98,0.8749,3296,2.19,1
106678.45,542,63791.17,254,7.9,0.8546,0.9948,0,213,0.9842,969,1.42,0
78120.16,679,91943.86,36,0.0,0.0459,0.3449,0,207,0.1018,3640,26.21,0
103856.41,317,91560.24,195,11.6,0.0971,0.2611,0,225,0.9787,2724,25.5,0
76159.12,353,52752.09,257,27.4,0.9123,0.6536,0,83,0.4144,2633,24.31,1
102033.04,508,45634.05,74,1.4,0.2714,0.2956,0,130,0.1315,2439,28.21,0
55653.64,651,95695.75,298,27.1,0.4009,0.9165,1,20,0.3778,3226,23.57,1
138320.95,746,87863.06,82,9.5,0.4255,0.1783,0,93,0.1249,33,10.62,1
102576.3,601,46759.8,27,7.8,0.3073,0.9008,0,148,0.6847,1334,11.8,1
76819.54,474,14156.95,130,16.0,0.3125,0.4891,1,71,0.2875,2985,11.08,1
111197.18,357,5315.81,139,11.8,0.6584,0.9465,0,35,0.9293,3192,14.7,0
103212.03,774,51992.08,229,23.2,0.5361,0.5456,0,178,0.5557,2918,20.58,1
42225.99,612,21179.56,189,4.2,0.8592,0.1014,1,258,0.3277,1509,18.83,0
27116.09,353,55263.84,338,1.4,0.3085,0.0927,1,158,0.2692,944,23.18,0
66360.86,444,33268.5,282,22.0,0.8532,0.2958,0,237,0.1191,2379,9.71,0
94239.89,504,29695.96,320,6.1,0.3334,0.4883,0,114,0.1952,2171,7.32,1
122376.99,505,27766.36,341,15.6,0.6009,0.1822,0,263,0.4744,2192,26.8,0
92386.13,661,80468.37,257,16.3,0.1963,0.2852,0,95,0.316,257,10.09,1
109896.24,718,36037.9,350,6.4,0.3274,0.2264,0,263,0.05,2097,17.37,1
75231.25,789,22859.19,154,26.1,0.4966,0.7352,0,194,0.9335,2427,24.46,1
28489.57,617,26325.97,214,4.1,0.6046,0.257,0,221,0.262,1399,2.53,0
96158.84,329,70501.9,69,1.4,0.5956,0.3403,1,9,0.5313,959,25.15,0
64249.48,397,71905.82,288,17.8,0.6636,0.2905,1,151,0.3899,3016,28.2,0
58680.3,768,60369.7,236,5.1,0.9108,0.3709,0,252,0.3286,2909,17.56,0
36434.39,830,75480.24,315,1.5,0.1435,0.4411,0,276,0.6092,2714,25.53,0
126600.22,606,55237.55,108,19.2,0.9073,0.4519,1,8,0.9262,3075,17.84,1
145513.21,636,82034.09,148,23.8,0.2061,0.4963,0,268,0.9949,2144,4.04,1
48292.91,330,24942.4,269,10.3,0.4344,0.5364,0,296,0.2458,2014,25.19,1
142883.8,644,59761.59,23,22.1,0.6172,0.9169,0,294,0.6303,684,25.17,1
95021.99,679,34984.18,298,25.8,0.9246,0.5852,0,192,0.0894,3396,20.05,0
89999.94,321,76681.7,249,28.8,0.0119,0.8361,1,65,0.6733,82,22.64,1
94837.52,381,5991.35,284,3.8,0.5735,0.4743,1,162,0.3496,997,21.98,1
27679.21,843,36168.56,285,23.9,0.8556,0.7172,1,168,0.061,556,9.68,0
46855.93,371,91048.8,283,14.9,0.3791,0.4021,0,41,0.217,1429,15.78,0
93885.49,514,38556.84,328,1.8,0.0071,0.3339,0,221,0.0903,2593,28.71,0
52020.33,642,86773.55,204,7.2,0.4873,0.1859,0,60,0.1013,1189,8.14,0
99747.76,437,84640.32,134,14.1,0.1817,0.0282,1,216,0.9968,2664,11.97,1
138834.64,602,21823.47,54,11.3,0.2549,0.0687,0,212,0.0765,430,19.08,0
144656.95,631,65287.57,116,10.0,0.8722,0.6348,0,136,0.0429,1530,28.94,1
107006.25,301,17860.05,121,0.2,0.1427,0.4197,0,261,0.8724,1079,19.38,1
78927.39,841,76722.89,129,17.8,0.7942,0.9266,0,295,0.7973,1714,15.36,1
118302.29,303,59118.44,100,15.2,0.7635,0.2782,0,233,0.7653,3569,10.28,0
34545.16,542,83960.02,180,16.1,0.8928,0.1358,0,233,0.2659,806,1.62,0
124785.73,422,79939.44,208,25.2,0.8208,0.7757,0,18,0.2031,854,18.13,0
137148.96,819,51874.68,292,14.1,0.6519,0.3591,0,120,0.2144,1164,23.07,0
127822.01,396,27092.08,16,18.2,0.6227,0.1127,0,99,0.5127,2609,26.33,0
44217.66,430,42610.31,190,7.9,0.1669,0.0395,1,88,0.8624,953,26.94,1
114140.95,664,47769.97,80,0.2,0.758,0.0663,1,254,0.6895,3436,21.42,1
47961.89,577,40266.98,134,25.2,0.6432,0.0595,0,159,0.0988,2599,27.78,1
56016.22,776,7675.32,297,14.2,0.7444,0.983,0,295,0.4069,751,6.15,1
84481.16,605,80377.84,106,8.7,0.265,0.8901,0,110,0.1724,409,4.13,0
26710.3,497,34020.48,281,12.9,0.6875,0.2151,0,77,0.5462,1838,21.14,1
141452.52,455,79008.42,28,17.8,0.7794,0.2364,0,213,0.7214,288,17.57,1
144596.7,331,5947.76,250,14.3,0.313,0.0599,0,70,0.3335,3269,17.33,1
123808.91,521,63456.91,57,5.7,0.7787,0.6543,1,48,0.1092,2215,24.58,0
116621.77,783,89036.95,347,11.7,0.1425,0.12,0,130,0.3162,2908,23.43,0
123005.13,807,15541.14,97,16.4,0.9928,0.0684,0,233,0.2568,1004,12.8,0
38810.97,530,77159.75,162,25.7,0.9307,0.1317,0,48,0.6479,64,5.18,1
138478.03,576,76756.24,84,28.6,0.9139,0.6643,1,140,0.3051,3373,13.94,0
134829.25,684,63617.29,118,20.2,0.4207,0.6255,0,116,0.9229,1927,12.86,1
98348.13,607,73419.01,24,29.1,0.6771,0.2703,0,184,0.5843,1437,4.25,1
33749.93,413,35368.57,286,17.4,0.8416,0.1707,0,208,0.9934,2880,9.28,1
89661.88,723,29253.43,296,12.8,0.8788,0.9807,0,65,0.2139,1554,29.97,0
85025.99,575,34636.35,144,0.7,0.7492,0.4383,0,46,0.9767,449,17.58,1
100562.46,433,13146.63,165,1.3,0.4037,0.737,0,104,0.393,2992,19.13,0
122105.0,535,31467.24,149,15.3,0.2704,0.9445,1,81,0.1173,2352,29.0,0
55661.74,491,19063.25,16,5.0,0.9979,0.1993,0,76,0.8662,1472,27.18,1
47057.85,523,5187.94,22,0.5,0.519,0.2487,1,207,0.4534,2432,4.23,1
87100.54,392,16525.22,72,12.2,0.0027,0.5796,0,48,0.3845,3085,22.5,1
50562.6,806,24146.45,245,22.3,0.582,0.5319,0,236,0.74,2531,2.3,1
123370.37,644,33519.15,54,28.3,0.8666,0.5476,0,133,0.3885,167,2.47,0
126071.63,827,31346.35,124,7.5,0.1187,0.0968,0,229,0.0825,394,16.18,1
32020.7,678,70958.77,180,15.0,0.7592,0.9629,0,10,0.1891,1065,24.34,0
28893.77,508,35774.48,134,8.3,0.4111,0.4465,0,295,0.6072,1026,9.22,0
55533.97,714,46034.53,87,21.5,0.0955,0.5505,0,9,0.8101,2894,23.33,0
109533.38,455,92461.8,346,6.7,0.4467,0.9224,0,1,0.1493,3649,12.34,1
65064.58,371,52203.66,178,27.1,0.4676,0.7897,1,99,0.4116,655,28.58,1
149446.95,317,5800.02,56,4.8,0.0947,0.7716,0,283,0.7012,440,16.92,0
141974.85,480,79698.67,179,10.4,0.0179,0.6656,0,59,0.8834,250,14.47,1
27199.58,736,43797.86,39,2.6,0.5616,0.5224,0,16,0.0897,3601,22.62,1
147869.19,430,58940.84,333,12.8,0.3508,0.1251,0,136,0.9465,2930,11.85,1
75819.82,632,26316.89,144,9.4,0.7254,0.9706,0,91,0.8938,1802,13.15,1
102421.7,692,83395.66,24,3.2,0.0881,0.2366,0,105,0.964,1267,15.26,1
50534.2,731,12892.04,221,16.0,0.1632,0.3179,1,65,0.8261,2737,28.63,1
148292.53,821,42238.54,226,21.1,0.3874,0.3511,0,205,0.9527,3506,4.77,0
144331.05,752,88968.04,221,25.6,0.442,0.8563,0,151,0.4733,3400,3.34,1
27811.64,512,39352.53,30,12.4,0.9326,0.8063,1,290,0.4834,1235,29.23,1
60716.91,578,82111.03,169,1.6,0.7261,0.8787,0,281,0.1524,453,5.37,0
102835.77,558,62437.12,194,4.9,0.2568,0.7857,1,205,0.6599,1133,24.23,1
31432.38,426,14602.16,325,14.8,0.1956,0.5504,0,238,0.2491,3511,20.39,1
49295.15,594,52542.07,269,24.2,0.724,0.5282,1,215,0.5368,1660,12.75,0
22377.25,400,82573.07,34,5.5,0.161,0.8782,1,143,0.0823,2975,6.41,0
35400.3,711,9840.98,324,22.3,0.5279,0.0042,0,255,0.1423,2923,22.17,0
70056.57,359,24250.4,43,30.0,0.2016,0.5947,0,26,0.0802,3308,9.0,0
47281.36,786,82262.68,135,3.2,0.6899,0.7475,0,239,0.7619,2273,13.03,0
33645.1,697,88990.08,91,22.8,0.9399,0.6837,0,27,0.7218,1059,3.86,0
129902.13,777,83040.18,180,26.0,0.9213,0.6287,0,225,0.3407,1384,16.37,0
22942.4,470,58020.61,358,26.0,0.4436,0.7447,0,240,0.5987,231,21.74,1
142914.14,408,45541.44,294,20.7,0.1111,0.6156,0,80,0.1298,831,20.63,0
96450.22,693,28874.85,263,23.2,0.5355,0.4852,0,21,0.4474,1718,17.23,1
137381.97,486,80835.54,292,0.4,0.7228,0.549,0,239,0.8671,2051,1.91,1
53396.11,600,23444.69,81,6.4,0.3953,0.1862,0,63,0.3907,156,23.89,1
106955.66,691,57391.17,245,7.8,0.6664,0.0199,0,183,0.0663,2539,21.01,1
130461.58,673,71213.24,84,2.7,0.0549,0.1154,0,153,0.8235,1591,3.11,1
21254.0,502,39577.97,344,15.7,0.258,0.7818,1,109,0.7028,2847,4.26,1
48877.08,440,32413.05,161,15.1,0.2204,0.0102,0,218,0.6007,3316,3.16,1
131559.71,347,18999.21,200,27.3,0.3771,0.7197,0,282,0.9892,2861,9.43,1
51858.84,637,27103.89,293,2.7,0.0031,0.0171,1,142,0.9121,1723,8.53,0
83775.92,734,86274.66,74,9.6,0.2468,0.337,0,57,0.1368,3156,3.21,0
84048.31,400,17728.71,315,11.2,0.5628,0.5067,1,133,0.1548,3499,28.23,1
107288.06,772,20273.73,208,0.6,0.2956,0.2927,0,190,0.7717,1732,23.42,1
24768.2,366,46946.58,25,13.8,0.0611,0.5,1,197,0.8055,3092,19.92,1
103358.25,535,50709.67,43,6.5,0.4867,0.3069,1,9,0.7763,3640,13.83,0
129269.76,815,85434.24,247,20.2,0.3833,0.162,0,133,0.7706,1616,20.87,1
39175.07,761,22663.97,276,25.0,0.997,0.4487,0,70,0.0103,2674,26.88,0
38696.19,369,86668.35,117,28.3,0.2082,0.5485,0,244,0.4176,567,11.39,1
136105.14,741,73593.38,255,18.2,0.4064,0.6718,1,135,0.517,2144,29.82,1
50388.27,358,70922.56,201,23.3,0.2597,0.3469,1,269,0.9436,2474,23.39,1
95102.37,385,95914.34,179,17.9,0.4494,0.9515,0,161,0.1919,2688,22.4,0
27510.49,785,52518.2,249,15.0,0.339,0.2547,0,40,0.5867,3534,1.8,0
88505.94,450,85282.43,256,6.3,0.4024,0.8373,0,106,0.1803,2893,6.11,0
39139.26,405,15109.6,50,25.1,0.8301,0.6512,0,62,0.9687,437,13.27,1
58288.64,680,15831.9,149,25.1,0.4041,0.5535,1,90,0.94,3423,13.32,1
46952.94,483,22782.14,104,22.4,0.9949,0.9839,0,8,0.0957,3648,8.72,0
54922.89,379,10752.25,291,0.8,0.0715,0.4646,0,10,0.9216,3303,29.94,1
45222.36,340,89376.36,17,28.2,0.2912,0.1983,1,235,0.1835,1146,11.93,1
34707.22,751,20191.42,154,23.5,0.4332,0.2417,0,277,0.2223,2306,1.94,0
140851.65,566,10782.23,191,18.5,0.6127,0.9866,0,113,0.7382,922,4.69,0
148869.84,805,22117.32,56,4.8,0.5726,0.8222,0,25,0.2985,3164,17.33,0
36307.02,740,73260.0,243,11.9,0.3311,0.1716,0,284,0.6445,1458,29.34,1
54420.75,682,7222.52,12,15.2,0.5461,0.3014,1,254,0.9937,3087,12.97,0
42054.0,310,68185.2,64,17.0,0.8424,0.1718,1,96,0.7716,1522,23.52,0
134675.17,543,63871.17,155,7.8,0.5724,0.0346,0,81,0.3485,789,8.17,1
144462.58,550,38964.48,32,4.6,0.3742,0.652,0,31,0.1135,3624,22.15,0
56878.39,334,26473.45,219,17.4,0.8132,0.8085,1,107,0.6238,3093,23.5,1
41086.16,552,42440.85,95,17.8,0.1323,0.8118,1,289,0.7466,2206,29.99,1
36422.33,575,76502.57,58,4.9,0.5798,0.4443,0,202,0.3131,3583,18.74,0
143679.25,420,18551.08,266,12.0,0.0753,0.4598,0,143,0.1601,61,12.13,0
132705.35,395,58803.94,241,10.3,0.986,0.0978,1,203,0.4463,2880,7.64,0
50175.49,710,17170.34,228,25.6,0.2741,0.3185,0,261,0.6296,1633,8.3,1
137741.81,326,89583.84,229,3.6,0.8087,0.2286,1,82,0.6598,3602,16.46,1
133692.79,576,10803.02,97,21.2,0.0628,0.6911,0,182,0.0099,386,8.86,0
38144.62,407,33453.71,353,25.2,0.5174,0.4416,0,237,0.6377,1069,14.52,0
68667.03,557,86697.11,90,29.1,0.5017,0.2363,0,165,0.7004,2211,23.95,1
115673.99,307,33738.56,289,14.5,0.0414,0.4927,0,295,0.1983,856,26.54,0
96558.52,740,38657.56,195,26.2,0.9428,0.1659,0,278,0.6655,1775,8.97,0
63360.66,815,79632.96,195,22.1,0.5304,0.8295,0,165,0.6995,2911,24.02,1
122509.69,318,75267.33,148,11.9,0.1253,0.5845,1,157,0.924,3532,23.62,0
115824.8,382,79644.88,212,5.1,0.159,0.1836,0,55,0.5333,1445,22.15,0
102631.84,472,76908.63,165,13.4,0.5525,0.1887,0,93,0.6461,372,25.68,1
41128.28,580,13283.0,303,17.2,0.594,0.7881,0,214,0.3944,3406,21.12,1
73288.21,300,29916.24,187,24.8,0.0526,0.5807,0,95,0.0668,3425,9.27,1
113232.94,376,9740.71,55,17.2,0.2456,0.763,0,91,0.1345,1221,25.25,1
143452.9,527,41320.54,14,20.8,0.4199,0.0213,0,237,0.4859,153,10.29,1
34416.65,728,83940.58,40,14.2,0.4359,0.1298,0,270,0.7132,1450,1.3,0
49674.99,477,23989.09,228,2.7,0.8262,0.659,0,57,0.2056,3553,26.7,0
34906.61,565,31895.86,59,28.9,0.2997,0.9387,0,200,0.349,3347,9.34,0
45561.56,482,49072.59,349,26.8,0.5234,0.4766,0,17,0.422,2837,7.04,1
58001.27,346,82785.0,231,24.3,0.4734,0.8583,1,282,0.4414,355,25.24,1
100014.45,493,21381.37,105,1.2,0.1687,0.5604,0,137,0.7715,319,23.29,1
54926.87,738,79185.96,112,15.0,0.3887,0.2555,0,6,0.1655,3581,9.51,0
116896.45,687,84996.34,82,12.5,0.5678,0.2809,0,102,0.5157,3007,21.48,1
21571.43,303,61583.91,128,15.0,0.3372,0.8856,1,138,0.1744,1601,22.06,1
121429.88,316,84346.76,28,17.4,0.2204,0.5336,1,219,0.0499,2002,25.55,0
115815.1,600,26102.25,270,28.7,0.5226,0.2758,0,203,0.7277,338,16.72,1
104737.28,659,88454.68,143,26.9,0.8491,0.1314,0,120,0.4041,3315,27.14,0
67806.59,604,88815.46,56,15.6,0.8165,0.7465,0,31,0.1492,1948,27.81,1
129606.03,311,78821.74,169,10.0,0.6975,0.6498,0,198,0.0204,968,11.54,0
75692.61,645,90445.4,128,21.2,0.4442,0.9148,0,126,0.2113,1624,15.01,0
47428.74,714,49745.3,73,16.4,0.1356,0.7349,0,244,0.9112,2632,9.16,1
22098.81,824,47951.59,343,15.2,0.3291,0.5024,0,24,0.3872,3078,6.95,0
59608.39,473,71155.68,328,26.1,0.5037,0.4816,0,162,0.7988,2612,10.36,1
107196.94,609,59245.16,83,24.9,0.6945,0.0587,0,288,0.4226,2868,23.18,0
72191.45,753,7825.26,212,6.2,0.8389,0.7625,0,84,0.5779,2770,26.99,1
44915.52,481,77840.08,272,25.2,0.0801,0.9952,0,82,0.4905,2302,5.46,0
145550.82,508,78398.43,131,13.9,0.4575,0.9144,1,217,0.8224,1262,18.71,1
96350.59,461,7869.67,314,16.1,0.9537,0.2344,0,122,0.9576,1239,20.93,1
110002.77,415,31816.31,301,18.3,0.4185,0.0268,0,92,0.0635,1393,24.77,0
20258.93,564,99642.24,283,4.9,0.9993,0.232,0,143,0.6587,1005,24.54,0
121765.3,377,49261.3,287,3.3,0.4715,0.86,1,193,0.9538,1111,20.24,1
64686.18,840,60090.34,38,3.1,0.6505,0.2526,0,73,0.9013,2679,15.82,1
45962.71,759,78597.51,70,14.3,0.9369,0.9773,0,153,0.0425,3604,2.39,1
101783.5,332,54170.23,45,13.6,0.4021,0.5287,0,213,0.5503,2668,26.23,1
58889.16,839,35993.65,27,19.8,0.0192,0.1473,0,297,0.9659,2315,6.33,1
102074.96,390,12149.89,288,0.1,0.9371,0.6854,0,198,0.8586,703,24.19,1
37216.12,333,55386.46,20,7.2,0.12,0.0568,0,90,0.9943,1726,6.64,0
54393.14,575,25742.49,316,11.4,0.651,0.6419,0,268,0.6805,3585,15.05,1
43223.55,602,81998.11,348,4.3,0.1623,0.8769,1,10,0.5856,640,28.75,1
52323.72,487,57375.37,148,17.1,0.4051,0.8164,0,128,0.61,2659,23.07,1
139377.8,600,28016.89,174,4.0,0.7649,0.6897,1,182,0.2223,3130,13.32,0
30290.69,845,82439.49,200,23.4,0.2784,0.0163,0,205,0.8271,1115,25.37,0
91081.97,421,38466.43,303,13.6,0.4984,0.5178,1,205,0.4111,810,28.86,1
24997.25,712,81645.73,321,23.3,0.9702,0.4078,0,67,0.3728,1272,17.44,0
138478.23,478,17814.4,37,28.5,0.186,0.5244,1,211,0.5637,528,1.32,1
29447.29,764,95119.63,303,17.5,0.1769,0.8925,0,80,0.588,3020,18.49,0
91261.01,520,35458.55,295,22.0,0.8652,0.3998,0,254,0.4509,768,11.79,0
21606.45,424,28470.61,280,5.2,0.5233,0.8669,1,127,0.0956,820,18.49,0
146886.27,386,19702.0,76,12.1,0.0293,0.8968,0,26,0.6524,2697,21.25,0
39083.23,368,95875.48,168,22.2,0.6613,0.8529,0,289,0.0707,1231,4.43,0
125498.56,807,35532.73,337,25.3,0.4701,0.0332,0,223,0.6444,3412,20.47,1
116496.77,438,33200.89,17,9.9,0.9696,0.649,1,94,0.2335,3407,7.73,0
82982.3,736,45670.18,64,18.7,0.261,0.9057,0,292,0.9402,3389,23.53,0
147269.6,334,66658.32,201,12.1,0.1317,0.0043,0,187,0.246,12,14.01,0
33065.53,838,45908.28,182,29.3,0.1529,0.7645,0,149,0.8496,28,9.98,0
59955.97,563,16449.02,95,9.5,0.9644,0.6566,0,162,0.8504,398,1.37,1
84462.85,473,11961.09,191,1.9,0.419,0.7576,0,92,0.966,601,21.16,0
116747.41,372,61124.7,276,14.5,0.21,0.0403,1,95,0.8104,3489,29.89,1
78312.01,300,79074.42,264,12.9,0.4439,0.9588,1,66,0.7745,1292,29.61,0
135031.15,781,44286.19,51,23.3,0.6083,0.7864,0,286,0.8533,1464,3.61,0
144931.77,470,87068.41,315,10.4,0.268,0.3835,0,19,0.605,301,17.19,1
20189.23,654,56737.86,52,21.9,0.8078,0.321,0,134,0.2712,3280,18.96,0
52353.93,419,92573.42,36,19.4,0.8213,0.0027,1,126,0.8923,3282,1.37,1
136062.5,420,56259.74,21,29.8,0.2486,0.9231,0,77,0.1782,3295,16.65,0
96513.63,703,78049.82,32,7.2,0.3717,0.8208,0,143,0.6283,2841,22.57,0
89443.17,312,19397.42,176,4.7,0.6978,0.0905,0,145,0.692,2906,18.41,0
113908.74,650,73479.13,79,6.0,0.9325,0.6049,0,135,0.85,2061,27.33,0
119071.32,742,51301.29,270,21.6,0.6051,0.483,0,87,0.041,2784,21.75,0
99967.37,588,87237.01,52,2.8,0.6807,0.9105,0,194,0.1003,1374,16.58,0
92914.04,651,20485.89,216,7.2,0.6581,0.1114,0,17,0.2953,1863,24.16,0
40661.19,318,34786.25,319,27.1,0.6781,0.476,0,187,0.7112,1214,14.93,0
122694.71,844,69495.13,359,23.2,0.9185,0.8954,0,33,0.2893,3056,3.13,0
64064.6,549,59775.01,227,26.3,0.4859,0.3875,0,209,0.1798,1339,21.39,0
139970.38,672,27048.47,18,4.1,0.3844,0.7399,0,67,0.374,3330,17.11,0
48090.64,697,54108.98,36,9.9,0.8126,0.3934,1,203,0.2387,3397,1.24,1
115021.42,389,66463.04,231,8.0,0.008,0.545,1,111,0.5866,2427,4.43,1
124714.23,542,65713.98,85,10.9,0.0233,0.2623,1,103,0.7674,1885,22.95,1
110494.79,675,26970.2,69,17.2,0.8244,0.9692,1,274,0.4304,545,26.03,1
139240.09,804,93772.25,350,9.7,0.8113,0.9815,0,71,0.0438,1171,22.67,0
56597.07,592,92944.24,127,15.4,0.1244,0.0163,0,281,0.5952,1425,19.25,1
56841.16,589,77398.46,215,29.4,0.1569,0.1679,0,190,0.1494,2021,18.88,1
110923.48,689,6146.8,221,3.1,0.42,0.1395,0,16,0.4476,1214,14.02,0
118510.03,715,6523.37,112,10.6,0.9943,0.366,0,37,0.3745,816,20.75,1
49951.93,392,45200.24,60,9.5,0.054,0.5266,0,192,0.1289,1048,9.76,1
96794.98,614,47022.08,147,1.7,0.3754,0.2642,0,110,0.0971,3325,10.28,0
139327.12,355,35335.2,247,3.7,0.9336,0.08,0,269,0.6372,2178,12.54,0
141774.82,714,60169.96,231,9.9,0.8852,0.5537,0,166,0.7135,2028,8.65,0
79800.79,307,40554.26,251,1.5,0.1857,0.2429,0,245,0.8476,3283,22.2,1
51766.89,306,81542.52,63,16.9,0.1639,0.6035,1,124,0.217,3483,24.7,0
98481.57,790,25206.64,80,6.3,0.9983,0.4049,0,96,0.8686,547,10.34,0
126012.03,771,40725.9,315,19.6,0.2583,0.4393,0,82,0.2238,2192,26.16,0
26075.43,544,70171.0,23,17.3,0.2514,0.9916,1,97,0.228,3271,6.08,0
37979.01,604,51991.18,48,18.1,0.5253,0.8895,1,248,0.3314,1316,26.0,1
54934.77,650,17049.58,211,1.7,0.926,0.3236,0,36,0.2017,906,4.61,1
128203.98,591,98544.73,121,20.2,0.1843,0.7584,0,78,0.9136,2019,14.03,1
46487.76,377,44345.91,271,21.0,0.0338,0.3984,0,245,0.0283,3288,13.85,1
66995.81,543,40952.95,29,10.1,0.3132,0.6239,0,70,0.6302,348,22.11,1
81479.18,604,74152.83,79,26.9,0.2702,0.6754,0,243,0.7815,1503,15.68,1
74632.24,680,59071.59,13,25.3,0.4297,0.1599,0,126,0.7066,782,24.34,1
66387.92,713,88888.63,146,28.4,0.7289,0.2827,0,162,0.595,2645,18.0,1
140290.49,796,76113.35,289,21.2,0.8421,0.5982,0,260,0.4272,2414,22.46,0
125802.79,314,87343.66,317,21.1,0.6618,0.1429,0,224,0.2966,523,4.82,1
96762.09,690,14635.78,63,4.7,0.5481,0.7039,0,39,0.6605,428,10.56,1
141262.13,533,28890.39,14,21.0,0.1825,0.4504,0,84,0.1375,791,24.68,0
111415.87,611,94209.45,165,5.2,0.8895,0.637,0,237,0.7465,2852,15.26,0
120665.66,838,18427.66,77,6.2,0.5259,0.546,0,169,0.6573,3473,9.41,1
26431.87,378,98807.71,114,20.9,0.2554,0.6424,1,240,0.7476,2356,18.38,0
145909.92,700,7327.63,359,9.7,0.4284,0.4438,0,199,0.1928,2779,16.71,0
131321.09,755,19645.7,214,24.1,0.0507,0.543,0,73,0.4172,1574,12.62,1
74430.31,664,90582.49,242,20.5,0.4064,0.2778,0,268,0.947,1321,10.51,0
135500.77,660,14488.23,100,7.6,0.431,0.0057,1,269,0.4464,2135,23.82,1
89024.08,435,32661.16,41,10.7,0.4147,0.3529,1,79,0.1751,1052,25.99,1
120079.23,783,93630.57,14,4.3,0.848,0.2017,0,274,0.9981,70,15.86,1
61376.06,781,87389.98,44,13.6,0.9583,0.4082,1,153,0.8099,1097,5.46,1
103588.41,362,21469.05,182,21.9,0.5406,0.7359,1,143,0.7467,871,8.8,1
95904.63,743,65607.15,322,14.3,0.4848,0.8446,0,295,0.8776,553,25.38,1
39871.35,575,15404.01,197,11.7,0.2703,0.0132,0,22,0.464,1450,22.85,1
109869.21,606,98846.43,19,17.2,0.4983,0.6392,0,129,0.6768,3639,10.77,0
118964.89,346,18333.8,233,0.0,0.7172,0.251,1,23,0.8014,369,11.26,1
146744.44,443,36551.74,155,18.3,0.871,0.4686,0,79,0.0409,395,17.34,0
79778.72,592,55596.09,247,10.9,0.3653,0.9486,0,35,0.5135,1743,22.4,0
109275.66,462,24139.33,268,15.7,0.7239,0.8391,0,267,0.8738,2853,15.91,0
33782.76,730,20121.48,343,23.0,0.1683,0.8915,1,185,0.7226,1544,21.78,0
41547.03,730,84671.15,161,27.8,0.2098,0.8493,0,2,0.3839,745,25.46,1
145658.84,388,40295.39,283,27.7,0.7982,0.0903,0,77,0.2949,601,26.7,0
126821.3,619,44360.35,292,17.8,0.0234,0.4204,1,69,0.4602,592,7.38,0
78540.3,814,94854.78,25,29.4,0.8839,0.228,0,294,0.0566,2902,24.56,0
75693.73,579,87927.5,289,18.8,0.448,0.6711,0,239,0.9844,2380,10.37,1
101525.59,755,44968.33,172,9.4,0.5933,0.0774,0,279,0.5408,2808,2.15,0
47317.02,826,11299.35,310,1.9,0.4941,0.0581,0,190,0.5099,2493,23.1,0
41794.27,515,53025.16,293,15.4,0.411,0.5251,0,9,0.6852,1633,3.3,1
71889.26,411,22138.64,335,23.6,0.6026,0.632,1,46,0.5472,3307,16.86,1
93719.42,835,66139.66,347,23.5,0.0983,0.767,0,14,0.6489,2001,1.2,1
112984.92,337,87942.25,36,13.6,0.132,0.481,1,285,0.144,2267,18.59,1
55737.12,823,67961.59,235,19.8,0.6075,0.4541,1,162,0.0442,2011,10.51,0
73789.54,831,79379.36,127,29.9,0.191,0.3543,0,250,0.4423,3030,3.95,1
124700.98,523,14514.25,180,10.2,0.0427,0.8442,0,17,0.3575,2637,3.71,0
98455.53,527,54074.94,155,7.9,0.3112,0.9819,0,54,0.9719,1276,2.85,0
143626.6,404,76491.56,128,29.3,0.7933,0.8508,1,275,0.9905,467,10.4,1
126487.61,846,62165.35,31,17.5,0.4379,0.8727,0,276,0.0534,3615,5.12,0
59331.91,573,38930.25,274,8.8,0.412,0.473,0,13,0.915,950,24.76,1
131309.22,605,82368.34,45,13.0,0.9376,0.6132,0,256,0.506,854,26.19,1
142837.43,674,48035.57,94,18.0,0.7033,0.1473,0,54,0.509,2292,23.45,1
24906.96,390,36485.54,200,27.7,0.6619,0.6425,0,117,0.2266,1230,3.62,0
115730.44,370,57249.07,332,22.2,0.5375,0.5831,0,13,0.9467,850,9.7,0
130052.67,560,41933.74,74,10.4,0.6322,0.3567,0,43,0.9216,1995,8.76,0
140781.41,417,45346.0,238,0.1,0.0131,0.1616,1,263,0.6644,1657,17.37,1
128436.79,593,89667.83,62,6.8,0.7632,0.8378,0,198,0.6991,240,21.45,1
93118.85,798,82031.82,159,0.8,0.9962,0.5915,0,65,0.536,1183,20.27,0
146242.15,329,82131.24,229,28.9,0.6344,0.9692,0,295,0.726,2397,12.15,0
35154.76,493,44483.53,243,13.8,0.5998,0.3776,0,223,0.9525,7,5.05,1
71240.32,546,31399.06,28,4.0,0.849,0.128,0,113,0.2687,2411,16.78,1
148513.8,748,97335.18,295,6.6,0.421,0.3581,0,49,0.4744,1853,18.81,1
102636.41,582,82353.98,73,8.2,0.0269,0.1642,0,180,0.0627,1246,25.69,0
76456.53,614,18310.69,204,24.4,0.11,0.3837,0,66,0.3796,273,17.46,0
66371.54,690,89894.65,336,10.0,0.5826,0.158,1,225,0.3756,3608,8.62,1
99021.27,326,25551.53,292,9.7,0.9728,0.743,1,33,0.7286,854,25.12,0
55241.2,595,92909.16,142,26.3,0.3993,0.1407,0,275,0.2287,4,9.72,0
144371.27,367,29005.64,196,8.3,0.7312,0.6958,0,247,0.2924,3398,6.74,0
34879.37,768,54968.4,250,17.7,0.3168,0.0635,0,5,0.2895,2389,10.34,1
84421.12,745,45367.96,275,5.8,0.6984,0.8044,0,31,0.0999,2854,16.54,0
31150.63,511,60318.22,178,2.8,0.0649,0.2288,0,212,0.1708,426,28.41,1
123796.14,379,57135.3,61,1.4,0.6714,0.6309,0,155,0.1289,3117,14.17,1
103500.93,302,18564.85,231,24.7,0.6565,0.2444,0,37,0.3723,1079,6.2,0
21590.86,334,10015.41,111,1.6,0.9589,0.4317,1,172,0.91,78,20.58,0
37953.7,595,75385.54,61,8.7,0.1534,0.4037,0,53,0.315,1049,10.27,0
38416.78,397,98394.87,217,12.7,0.2498,0.8488,0,66,0.1357,560,9.06,1
61537.1,433,22497.98,102,1.4,0.3778,0.655,1,24,0.8503,467,22.99,1
59877.15,528,59708.23,110,6.8,0.1743,0.1815,0,60,0.7966,649,8.05,1
63619.56,721,69531.12,182,3.8,0.3043,0.5006,0,153,0.6094,1754,24.0,1
95874.48,740,45792.88,149,5.2,0.0545,0.8102,0,127,0.4373,1859,19.46,1
137638.4,548,31289.15,305,16.5,0.6251,0.1773,0,119,0.3562,3420,23.46,1
43083.27,692,98274.46,218,11.1,0.3325,0.8471,0,200,0.9604,1515,23.84,0
86416.61,726,44566.47,65,8.0,0.7828,0.3695,0,298,0.698,653,9.37,1
149015.82,577,92761.37,213,13.0,0.3178,0.2333,0,298,0.6987,2867,27.85,1
102392.75,647,76054.08,90,8.7,0.8774,0.7071,0,253,0.9238,618,9.64,1
30633.51,768,87024.07,226,28.5,0.7449,0.5471,0,139,0.2125,2701,9.31,0
85027.47,739,28403.35,307,0.8,0.7848,0.3933,0,152,0.5655,2418,19.53,0
117766.6,379,44451.65,193,25.8,0.6738,0.5001,1,264,0.6558,2846,14.4,1
23005.79,513,50028.46,206,1.8,0.6911,0.775,0,49,0.2739,2514,13.28,0
92005.76,319,57813.53,83,11.6,0.2751,0.208,1,63,0.979,1632,23.73,1
58720.53,752,42701.75,177,19.3,0.8383,0.7487,0,85,0.3886,2878,9.6,0
46664.93,495,61795.55,247,4.2,0.9307,0.8606,0,154,0.0113,1620,24.8,1
130042.47,381,99380.21,68,5.4,0.4136,0.911,0,291,0.4602,2542,12.89,0
23324.73,529,25752.83,124,18.0,0.0329,0.9559,1,180,0.7853,2340,1.8,1
113393.99,578,74481.25,29,22.8,0.0813,0.2264,0,140,0.2154,2728,13.16,0
124013.99,580,55680.51,63,8.4,0.8255,0.5455,0,46,0.7284,292,26.08,1
48146.32,375,99427.67,290,2.7,0.4005,0.9753,0,43,0.7717,195,25.6,1
139951.11,339,19299.6,299,24.9,0.4172,0.417,1,279,0.9993,3064,28.98,1
98288.83,552,32737.92,74,28.6,0.7697,0.2578,0,169,0.3024,1070,26.76,0
47238.88,502,12095.28,43,20.9,0.5655,0.6713,0,52,0.2054,2227,12.08,1
122336.58,401,86245.21,56,23.7,0.116,0.8769,0,51,0.583,1268,27.86,0
149526.64,610,91090.16,354,26.0,0.1616,0.9329,0,46,0.2893,489,4.84,0
130640.97,606,35125.81,260,28.0,0.0751,0.9294,0,224,0.4764,2090,11.69,1
131824.22,492,62493.65,134,16.6,0.964,0.0375,0,155,0.6147,456,20.07,1
121719.46,593,21085.33,340,4.6,0.3484,0.877,1,122,0.0824,1375,7.32,1
97585.56,743,96752.12,106,11.7,0.4065,0.2533,0,86,0.9983,719,22.97,1
60545.42,376,5191.58,336,10.9,0.4866,0.8087,0,239,0.5837,2447,21.44,1
88342.54,667,45462.29,321,8.5,0.5702,0.9496,0,30,0.0306,435,18.13,0
114960.96,743,47884.68,351,27.5,0.2082,0.3641,0,75,0.8517,755,14.0,0
79239.02,699,43399.7,346,10.8,0.367,0.259,0,244,0.0226,176,3.41,0
105008.24,581,15567.0,125,0.2,0.8184,0.5092,0,216,0.8611,1068,2.18,0
77860.36,405,88310.13,13,29.1,0.9805,0.4119,0,31,0.6723,3295,23.03,1
89718.82,307,49812.68,98,5.8,0.7201,0.1217,0,83,0.14,586,17.01,1
92288.63,590,6251.24,154,14.1,0.8663,0.526,0,153,0.0319,1118,3.68,0
92051.82,763,62507.26,71,6.8,0.8899,0.1018,1,127,0.347,122,24.96,0
60874.41,626,96882.3,238,27.8,0.1647,0.6431,0,4,0.7915,1789,9.39,0
141681.07,668,95867.74,296,29.4,0.5988,0.4644,0,66,0.9266,71,25.69,1
59013.25,594,91453.18,180,7.3,0.0772,0.3329,0,262,0.761,392,27.97,1
81039.03,719,80987.41,159,22.0,0.6288,0.5506,0,262,0.6741,2500,7.47,1
118281.14,809,98227.19,298,19.3,0.9681,0.6737,0,286,0.5852,473,20.36,1
127107.96,755,28805.2,134,24.7,0.4025,0.5757,0,170,0.5525,1411,27.53,0
97006.34,613,71297.91,22,16.3,0.2783,0.5759,0,215,0.6027,1761,17.43,1
58744.85,456,54383.08,290,12.9,0.3773,0.7279,0,216,0.4597,957,14.12,1
77726.78,344,12884.46,174,4.3,0.4144,0.9264,0,287,0.0691,2408,27.07,1
66502.87,320,53642.69,111,14.4,0.3985,0.6138,0,204,0.2958,1235,14.34,0
131758.57,484,35695.32,16,15.9,0.6753,0.2404,1,129,0.1741,1235,15.86,0
55607.87,765,72396.61,169,3.3,0.331,0.2466,0,56,0.3276,1385,10.14,1
144369.44,329,41496.41,267,16.9,0.3788,0.1622,1,232,0.0614,3125,7.17,0
100675.74,646,69187.37,161,10.8,0.9309,0.8483,0,276,0.9216,571,16.24,1
56339.44,443,62484.58,212,5.5,0.8817,0.6172,1,81,0.0992,1211,28.59,0
127798.64,327,33693.37,220,13.9,0.9276,0.1768,1,124,0.5903,1664,12.09,1
131596.92,305,42640.43,76,24.6,0.7515,0.9712,1,119,0.5864,2049,2.31,0
141890.74,666,5721.04,89,1.4,0.0952,0.585,1,123,0.643,867,11.84,1
98545.39,386,62351.77,13,1.7,0.0217,0.7087,0,221,0.0995,599,6.34,0
113020.47,587,71501.32,44,15.4,0.3685,0.9698,0,231,0.5794,2547,24.54,1
20061.16,652,74060.85,123,4.1,0.2343,0.9624,0,240,0.4655,3203,16.5,1
63094.7,596,46903.75,159,25.1,0.4439,0.7824,1,152,0.945,1445,6.68,1
138616.93,382,68657.6,267,12.8,0.4207,0.428,1,91,0.6588,2655,26.99,1
36252.81,463,57608.56,343,9.6,0.5474,0.4068,1,31,0.1559,1008,3.01,1
82199.86,752,7283.84,334,24.8,0.6326,0.2045,0,78,0.1984,1992,4.57,0
40190.61,441,40962.33,337,15.5,0.2845,0.5126,0,255,0.0838,1172,25.53,0
45033.47,341,7747.21,137,13.6,0.3367,0.9083,0,276,0.5646,2855,5.31,1
110647.88,512,18604.12,235,10.3,0.6587,0.5022,0,107,0.1268,1961,22.89,0
53521.11,802,67615.54,115,24.0,0.4969,0.3425,1,175,0.8955,2146,5.04,1
121262.62,331,82379.89,192,4.9,0.428,0.2928,0,113,0.8715,1511,2.84,1
43800.23,586,35012.65,188,6.6,0.8078,0.2489,0,188,0.6726,1287,27.98,1
81004.02,720,29716.88,237,15.3,0.5887,0.1597,0,296,0.288,1506,25.08,1
72883.48,441,34915.63,223,17.4,0.9707,0.4188,0,171,0.8587,586,24.73,1
74821.18,429,76315.91,225,21.3,0.1793,0.9447,0,12,0.6139,2394,23.55,1
134053.64,441,11930.18,306,3.3,0.4371,0.7826,0,3,0.186,3226,6.68,0
79990.98,306,32253.08,188,29.2,0.723,0.4636,0,192,0.1162,2129,9.45,0
79664.21,508,26866.93,324,15.9,0.0936,0.4528,0,74,0.7742,791,13.9,0
40287.8,357,93014.16,150,9.5,0.7178,0.3947,1,228,0.0118,808,12.8,0
38281.22,832,45502.16,14,3.4,0.9884,0.8833,0,14,0.8217,3445,2.42,0
107865.57,599,52821.08,149,3.8,0.8171,0.7732,0,105,0.2046,3084,7.16,0
107840.36,690,7179.39,272,5.0,0.9773,0.5403,0,44,0.6973,1562,1.25,1
108033.19,592,89611.99,318,4.0,0.5623,0.3705,0,291,0.7152,213,4.3,1
54001.63,678,77541.79,59,27.2,0.9305,0.3742,0,1,0.0774,1360,9.46,1
64847.48,843,72962.54,340,1.8,0.8778,0.2167,0,261,0.5771,3103,22.12,1
53186.52,369,10818.86,43,8.2,0.0639,0.4057,0,175,0.0758,875,25.18,1
102459.7,405,31071.84,342,6.5,0.3103,0.3197,0,101,0.0421,2619,1.35,0
87121.55,625,41236.15,241,3.3,0.8408,0.4508,0,47,0.9621,2492,2.08,0
122740.28,405,43455.85,322,15.8,0.5588,0.7033,0,53,0.4359,438,11.61,0
75158.12,829,97887.77,69,2.6,0.5713,0.8266,0,183,0.5791,2920,16.12,0
40778.08,367,50266.59,33,21.6,0.8648,0.3328,0,107,0.3749,1047,11.34,0
96448.12,732,36079.16,88,16.4,0.2469,0.9519,0,297,0.6561,3156,23.07,1
40698.91,709,67648.52,60,14.0,0.7768,0.482,0,35,0.6813,2210,24.62,0
75608.41,796,62451.47,118,0.1,0.875,0.2024,0,264,0.341,646,27.13,1
82268.68,693,45849.76,298,24.3,0.222,0.3167,0,32,0.1646,516,26.37,1
58977.15,409,96986.68,14,24.1,0.4671,0.1904,0,275,0.9161,1933,4.63,0
21036.46,767,77724.94,126,16.7,0.715,0.1669,0,244,0.4691,3060,28.55,1
134246.57,813,32786.49,175,3.8,0.7325,0.6525,0,102,0.0011,2469,2.78,0
30782.74,374,9564.75,84,21.5,0.2787,0.1935,0,251,0.2166,2777,28.97,1
105624.09,757,98618.28,60,22.7,0.8342,0.7837,0,62,0.6779,2387,19.3,1
67419.4,744,38237.37,216,12.1,0.4553,0.296,0,194,0.524,961,6.65,0
22090.11,675,19472.22,156,28.3,0.9864,0.3799,0,101,0.7803,2557,6.81,0
36533.94,390,60048.26,144,7.3,0.6238,0.0133,1,146,0.4782,997,13.22,0
63494.74,417,12848.52,180,1.1,0.7021,0.0439,0,78,0.4191,126,15.61,1
65324.38,513,68595.34,251,27.3,0.5979,0.8635,0,105,0.2207,1184,15.72,0
66560.36,391,62011.69,67,8.5,0.4029,0.5701,0,197,0.2425,2912,15.66,0
102364.14,590,69483.97,134,24.4,0.0229,0.2077,0,254,0.6927,3348,20.06,1
39012.85,830,18488.77,213,16.2,0.2639,0.889,0,256,0.6698,1189,1.08,0
109596.79,444,6975.16,212,19.9,0.0864,0.6665,0,9,0.3196,2414,1.7,0
56374.44,446,52073.19,70,12.0,0.6517,0.7296,0,102,0.9884,1312,27.06,1
138244.91,690,61835.91,114,24.4,0.0894,0.0582,0,27,0.5263,2438,18.07,1
77637.75,416,74076.25,170,25.6,0.5317,0.0449,0,119,0.3359,1142,2.87,0
142632.27,484,64374.36,37,18.6,0.2301,0.9235,0,228,0.4172,363,8.03,0
42151.18,325,53625.27,54,4.2,0.1371,0.6352,0,179,0.853,3544,23.07,1
79652.31,562,78064.84,13,26.2,0.9114,0.2203,0,46,0.0363,1429,20.75,0
107664.61,550,5794.86,325,13.0,0.9299,0.6047,0,149,0.9787,388,17.17,0
117109.49,443,68390.27,322,7.0,0.9987,0.7334,0,15,0.7575,426,12.76,1
82261.71,400,53363.28,257,11.9,0.8979,0.6582,0,111,0.4092,968,13.54,0
106424.17,666,7334.61,347,11.9,0.7759,0.6399,0,206,0.1719,651,6.34,0
77700.92,827,6063.34,111,13.4,0.3971,0.9496,0,167,0.169,2255,27.59,0
135958.79,850,96908.32,12,13.9,0.5808,0.2418,0,275,0.1062,1325,10.9,0
80430.91,744,35658.03,320,25.1,0.3802,0.0249,0,286,0.3694,3040,16.43,1
140156.1,597,16855.85,237,3.3,0.9472,0.3875,0,299,0.1885,287,28.65,1
144444.6,660,87403.24,191,24.0,0.5344,0.4414,0,158,0.5256,162,2.63,0
120602.82,304,73247.94,106,7.9,0.5944,0.6386,0,229,0.5612,3642,15.25,0
149014.34,538,66043.24,84,17.7,0.018,0.1017,0,175,0.6336,262,19.67,1
101323.33,805,31147.52,304,22.6,0.023,0.6616,0,77,0.9955,664,7.58,1
98614.65,421,65228.85,20,11.5,0.8864,0.0136,0,101,0.0198,558,24.56,0
137610.81,733,18194.82,305,13.5,0.2392,0.9452,0,148,0.9941,2857,24.46,1
121646.3,394,81642.16,153,9.2,0.946,0.961,0,209,0.6783,2032,8.42,0
90557.52,804,79953.65,197,19.4,0.2532,0.3727,0,34,0.2807,2685,13.44,0
89739.69,728,38623.9,275,6.0,0.7475,0.2677,0,152,0.5616,3507,7.63,0
65912.58,739,64848.2,225,25.0,0.2158,0.9786,0,266,0.3132,632,1.85,0
79894.01,673,54829.87,14,27.7,0.9011,0.2907,1,210,0.7715,2499,17.26,1
104347.63,607,28166.23,232,29.9,0.6905,0.8665,1,13,0.7632,3238,9.86,0
66953.16,332,61608.67,284,8.1,0.4635,0.7328,1,235,0.1971,706,27.62,0
118603.34,346,71209.58,240,6.8,0.7383,0.907,0,162,0.2696,3230,27.74,0
146034.19,304,27960.47,26,1.9,0.1377,0.5591,0,182,0.0385,544,20.98,0
58986.66,651,7200.17,106,28.8,0.0942,0.2097,1,34,0.1393,1901,18.3,0
109266.39,538,83314.6,263,18.6,0.8324,0.3306,1,52,0.1117,979,20.05,0
55720.26,470,43104.98,106,26.5,0.8171,0.149,0,195,0.9061,3302,20.37,1
26644.63,672,52111.47,282,5.8,0.7149,0.3501,0,42,0.2595,3100,13.51,1
98471.71,382,60537.03,177,2.8,0.4766,0.9019,1,184,0.3127,2803,7.38,0
24062.58,727,17892.68,107,16.3,0.1077,0.4556,0,129,0.3853,3455,5.07,1
61269.87,787,40582.42,228,21.6,0.7625,0.7472,0,132,0.883,712,22.84,1
53480.01,421,53560.58,347,13.3,0.1598,0.5892,0,218,0.571,344,18.5,1
22623.09,540,92679.98,318,10.1,0.0738,0.7447,0,160,0.3356,2918,10.57,0
96722.49,446,92180.1,76,27.4,0.7039,0.4188,1,52,0.9476,3116,7.24,0
127612.01,843,92376.99,283,28.7,0.3086,0.3442,0,150,0.6502,235,5.21,0
51497.91,604,39795.44,359,4.3,0.1757,0.7224,1,131,0.1325,1482,23.25,0
80652.57,365,15468.92,181,8.8,0.0243,0.2852,1,44,0.5213,2897,6.89,1
76664.22,681,26377.27,55,26.6,0.6857,0.8558,0,300,0.4838,487,20.67,1
22053.95,450,69915.39,70,28.5,0.9361,0.605,1,174,0.8089,1852,7.2,1
